mode,location,scale_mw,scenario_ercot_capped_lmp_$/MWh,delta_ercot_capped_lmp_$/MWh,scenario_eue_mwh,delta_eue_mwh,scenario_new_capacity_mw,delta_new_capacity_mw,scenario_annual_investment_$,delta_annual_investment_$,scenario_dispatch_cost_dynamic_$,delta_dispatch_cost_dynamic_$,scenario_co2_tonnes,delta_co2_tonnes,n_weather_years,years
dispatch,ABILENE,500.0,35.12888826630736,2.2014970223597046,558.57185028087,558.5706265770344,0.0,0.0,0.0,0.0,7081925053.517927,2856931625.425608,102519808.38409135,884137.7734104961,5,"2019,2020,2021,2022,2023"
dispatch,ABILENE,1000.0,36.68396693636335,3.7565756924157014,1409.5198207415756,1409.5185970377402,0.0,0.0,0.0,0.0,11403451986.181564,7178458558.089246,103445908.23651466,1810237.6258338033,5,"2019,2020,2021,2022,2023"
dispatch,ABILENE,3000.0,-778.8819852955138,-811.8093765394614,258904.71007667622,258904.70885297237,0.0,0.0,0.0,0.0,1299789937146.8794,1295564943718.787,113477587.29863603,11841916.68795519,5,"2019,2020,2021,2022,2023"
dispatch,ABILENE,5000.0,-4089.568029538127,-4122.495420782075,5591467.902850352,5591467.901626648,0.0,0.0,0.0,0.0,27964332996478.926,27960108003050.832,127368295.95666003,25732625.34597918,5,"2019,2020,2021,2022,2023"
dispatch,AUSTIN,500.0,34.9643373639389,2.0369461199912586,532.6133686471164,532.612144943281,0.0,0.0,0.0,0.0,6955124193.61445,2730130765.522132,102576092.94991656,940422.3392356962,5,"2019,2020,2021,2022,2023"
dispatch,AUSTIN,1000.0,36.614931609425206,3.6875403654775587,1377.7263316676167,1377.7251079637813,0.0,0.0,0.0,0.0,11248548431.941162,7023555003.848842,103526115.11459923,1890444.5039183707,5,"2019,2020,2021,2022,2023"
dispatch,AUSTIN,3000.0,41.65713231799974,8.729741074052095,8283.948392453616,8283.947168749783,0.0,0.0,0.0,0.0,46060986721.547104,41835993293.45478,107497018.61888525,5861348.008204413,5,"2019,2020,2021,2022,2023"
dispatch,AUSTIN,5000.0,65.40506858817412,32.47767734422647,24812.38568636956,24812.384462665723,0.0,0.0,0.0,0.0,129015664412.56845,124790670984.47612,111994312.83243057,10358642.221749732,5,"2019,2020,2021,2022,2023"
dispatch,CHILDRESS,500.0,43.949509138388194,11.022117894440541,495575.6308432294,495575.62961952557,0.0,0.0,0.0,0.0,2482254564621.7764,2478029571193.6846,103544140.81543827,1908470.2047574134,5,"2019,2020,2021,2022,2023"
dispatch,CHILDRESS,1000.0,47.108039173255705,14.180647929308048,2471721.530749283,2471721.529525579,0.0,0.0,0.0,0.0,12363040370078.56,12358815376650.469,103753893.77083349,2118223.160152635,5,"2019,2020,2021,2022,2023"
dispatch,CHILDRESS,3000.0,47.108039173255705,14.180647929308048,10578230.75762723,10578230.756403526,0.0,0.0,0.0,0.0,52895667945074.2,52891442951646.11,103753893.77083349,2118223.160152635,5,"2019,2020,2021,2022,2023"
dispatch,CHILDRESS,5000.0,47.108039173255705,14.180647929308048,18684739.984505184,18684739.983281482,0.0,0.0,0.0,0.0,93428295520069.86,93424070526641.78,103753893.77083349,2118223.160152635,5,"2019,2020,2021,2022,2023"
dispatch,DFW_SOUTH,500.0,35.15223718531616,2.2248459413685113,599.2446689151063,599.2434452112708,0.0,0.0,0.0,0.0,7288305575.584409,3063312147.4920893,102554515.58875969,918844.9780788273,5,"2019,2020,2021,2022,2023"
dispatch,DFW_SOUTH,1000.0,36.85339618488333,3.9260049409356816,1521.2017341830049,1521.2005104791695,0.0,0.0,0.0,0.0,11966277343.753672,7741283915.661352,103487543.04853849,1851872.4378576367,5,"2019,2020,2021,2022,2023"
dispatch,DFW_SOUTH,3000.0,73.46566949265657,40.53827824870893,15213.28043149724,15213.279207793403,0.0,0.0,0.0,0.0,80722056242.3247,76497062814.23239,107384841.63133356,5749171.020652711,5,"2019,2020,2021,2022,2023"
dispatch,DFW_SOUTH,5000.0,-430.6627110062599,-463.59010225020756,139789.72458609586,139789.72336239205,0.0,0.0,0.0,0.0,703946695444.9121,699721702016.8197,111551991.68862805,9916321.07794721,5,"2019,2020,2021,2022,2023"
dispatch,HOUSTON,500.0,35.0697157354974,2.1423244915497497,569.7044756269996,569.7032519231642,0.0,0.0,0.0,0.0,7141953583.133963,2916960155.0416436,102583226.28969793,947555.6790170819,5,"2019,2020,2021,2022,2023"
dispatch,HOUSTON,1000.0,35.94355689857747,3.0161656546298197,1444.561146753513,1444.5599230496773,0.0,0.0,0.0,0.0,11585665546.18843,7360672118.096112,103540902.3131319,1905231.7024510414,5,"2019,2020,2021,2022,2023"
dispatch,HOUSTON,3000.0,40.46705213459466,7.539660890647011,8455.469501470801,8455.468277766968,0.0,0.0,0.0,0.0,46930997925.90907,42706004497.81675,107498227.3941271,5862556.783446262,5,"2019,2020,2021,2022,2023"
dispatch,HOUSTON,5000.0,81.62434158746336,48.696950343515724,34472.616759839315,34472.61553613548,0.0,0.0,0.0,0.0,177345073601.19208,173120080173.09976,111823021.85519424,10187351.244513374,5,"2019,2020,2021,2022,2023"
dispatch,TOLAR,500.0,35.1082048335616,2.1808135896139524,551.4060703271448,551.4048466233094,0.0,0.0,0.0,0.0,7048600189.345892,2823606761.253572,102547230.03335686,911559.4226760089,5,"2019,2020,2021,2022,2023"
dispatch,TOLAR,1000.0,36.66016983040015,3.732778586452504,1389.2329161283646,1389.2316924245292,0.0,0.0,0.0,0.0,11305136819.955137,7080143391.862819,103471576.59392856,1835905.9832477092,5,"2019,2020,2021,2022,2023"
dispatch,TOLAR,3000.0,45.762768660213084,12.835377416265436,8478.849512322853,8478.848288619018,0.0,0.0,0.0,0.0,47032887369.5057,42807893941.413376,107244542.15416369,5608871.543482831,5,"2019,2020,2021,2022,2023"
dispatch,TOLAR,5000.0,42.22147574781658,9.294084503868934,33656.135592297374,33656.13436859354,0.0,0.0,0.0,0.0,173222333788.1289,168997340360.03656,111207256.71370733,9571586.103026483,5,"2019,2020,2021,2022,2023"
generation_storage,ABILENE,500.0,34.367644844602076,1.4689107511787534,0.0002917054620975364,-0.0001300979982166335,93.56,93.56,11612404.0,11612404.0,4287427269.076555,62444665.89268999,102486167.48303595,850595.9354768902,5,"2019,2020,2021,2022,2023"
generation_storage,ABILENE,1000.0,34.61934477696603,1.7206106835427142,0.0003438346988646572,-7.796876144951266e-05,187.32,187.32,23073369.4,23073369.4,4352878578.654463,127895975.47059774,103384219.51544312,1748647.9678840607,5,"2019,2020,2021,2022,2023"
generation_storage,ABILENE,3000.0,36.07491251001537,3.176178416592048,0.0005816461239026062,0.00015984266358843623,1438.9599999999998,1438.9599999999998,157892599.4,157892599.4,4640186322.234072,415203719.0502065,107427145.37965588,5791573.832096836,5,"2019,2020,2021,2022,2023"
generation_storage,ABILENE,5000.0,36.0625982481775,3.1638641547541786,0.0009737840212561885,0.0005519805609420187,4118.24,4118.24,461674369.0,461674369.0,4982519787.881922,757537184.6980567,112397778.68815401,10762207.140594954,5,"2019,2020,2021,2022,2023"
generation_storage,AUSTIN,500.0,34.3276755920087,1.4289414985853788,0.0006267013209324873,0.00020489786061831733,91.62,91.62,11939438.0,11939438.0,4289736706.1116395,64754102.927774146,102526611.98695087,891040.4393918127,5,"2019,2020,2021,2022,2023"
generation_storage,AUSTIN,1000.0,34.5403886225162,1.6416545290928775,0.0005146904517143727,9.288699140020281e-05,183.62,183.62,23959256.0,23959256.0,4355266625.680895,130284022.49702978,103428263.85659614,1792692.3090370833,5,"2019,2020,2021,2022,2023"
generation_storage,AUSTIN,3000.0,35.5976648755126,2.698930782089279,0.0005188952566591613,9.70917963449914e-05,573.7599999999999,573.7599999999999,69878686.0,69878686.0,4630679260.215113,405696657.0312473,107345711.95375447,5710140.406195411,5,"2019,2020,2021,2022,2023"
generation_storage,AUSTIN,5000.0,38.18890800558269,5.290173912159372,0.000730388809828819,0.000308585349514649,1443.5600000000002,1443.5600000000002,162791746.8,162791746.8,4902154607.201764,677172004.0178988,111354417.66021724,9718846.112658178,5,"2019,2020,2021,2022,2023"
generation_storage,CHILDRESS,500.0,32.9159143831033,0.017180289679980375,0.0006843165432311078,0.000262513082916938,1994.8200000000002,1994.8200000000002,238284814.6,238284814.6,4236330666.9989257,11348063.815060902,101898599.34050877,263027.7929497093,5,"2019,2020,2021,2022,2023"
generation_storage,CHILDRESS,1000.0,32.73391361055486,-0.16482048286846548,591.6332572151344,591.6328354116741,9559.960000000001,9559.960000000001,1048585224.8,1048585224.8,7125849032.564357,2900866429.380492,101386272.91192713,-249298.6356319189,5,"2019,2020,2021,2022,2023"
generation_storage,CHILDRESS,3000.0,33.16305068397056,0.2643165905472415,138108.90575930654,138108.9053375031,103729.02,103729.02,13952105366.0,13952105366.0,694703641615.0186,690478659011.8347,101874547.53382607,238975.98626701237,5,"2019,2020,2021,2022,2023"
generation_storage,CHILDRESS,5000.0,33.837492772378695,0.9387586789553687,6425254.816815903,6425254.816394101,34045.26,34045.26,4317354366.8,4317354366.8,32130552924122.664,32126327941519.477,102595429.43894875,959857.8913896978,5,"2019,2020,2021,2022,2023"
generation_storage,DFW_SOUTH,500.0,34.36655351780034,1.46781942437702,0.0006034182123058638,0.00018161475199169398,100.14,100.14,11697515.4,11697515.4,4291406757.9063387,66424154.72247305,102545304.08206125,909732.5345021903,5,"2019,2020,2021,2022,2023"
generation_storage,DFW_SOUTH,1000.0,34.62464513094875,1.7259110375254287,0.0005704348604645397,0.00014863140015036977,202.84,202.84,25221976.4,25221976.4,4357079177.019014,132096573.835149,103429924.45187917,1794352.9043201178,5,"2019,2020,2021,2022,2023"
generation_storage,DFW_SOUTH,3000.0,35.937567239788265,3.0388331463649507,0.0007806929312751481,0.0003588894709609782,692.92,692.92,86964149.6,86964149.6,4625905517.077459,400922913.89359456,107023438.99999782,5387867.452438777,5,"2019,2020,2021,2022,2023"
generation_storage,DFW_SOUTH,5000.0,38.25775005248123,5.3590159590579045,0.0011830002000948157,0.0007611967397806458,1883.3399999999997,1883.3399999999997,231719261.8,231719261.8,4884460299.633104,659477696.4492394,110557413.50601569,8921841.95845662,5,"2019,2020,2021,2022,2023"
generation_storage,HOUSTON,500.0,34.296793178580664,1.3980590851573425,0.00042072315978591986,-1.0803005282500116e-06,94.82000000000001,94.82000000000001,12394779.6,12394779.6,4291076305.2251825,66093702.04131689,102531489.86722776,895918.3196687102,5,"2019,2020,2021,2022,2023"
generation_storage,HOUSTON,1000.0,34.502058664652715,1.6033245712293946,0.0005736372725065226,0.0001518338121923527,190.02,190.02,24835499.4,24835499.4,4358230829.773339,133248226.58947401,103441074.89697722,1805503.3494181484,5,"2019,2020,2021,2022,2023"
generation_storage,HOUSTON,3000.0,35.463632727579416,2.5648986341560933,0.0006561386441815467,0.0002343351838673767,579.58,579.58,74896081.0,74896081.0,4638331804.648471,413349201.4646057,107166149.06628324,5530577.518724185,5,"2019,2020,2021,2022,2023"
generation_storage,HOUSTON,5000.0,38.44389069510375,5.545156601680428,0.0004886661949123008,6.686273459813088e-05,1671.98,1671.98,201942496.6,201942496.6,4911129781.914749,686147178.730884,110748104.78916664,9112533.241607597,5,"2019,2020,2021,2022,2023"
generation_storage,TOLAR,500.0,34.351496508420084,1.4527624149967608,0.00044499793012647723,2.3194469812307322e-05,91.6,91.6,11501256.4,11501256.4,4289825896.7442503,64843293.56038551,102510723.8847554,875152.3371963382,5,"2019,2020,2021,2022,2023"
generation_storage,TOLAR,1000.0,34.599776887799074,1.7010427943757498,0.00019816040716832427,-0.00022364305314584565,183.46,183.46,22815658.4,22815658.4,4355712969.780619,130730366.59675351,103402712.28972153,1767140.742162478,5,"2019,2020,2021,2022,2023"
generation_storage,TOLAR,3000.0,35.83976226791551,2.941028174492191,0.0006382169786011379,0.00021641351828696805,582.68,582.68,72445387.6,72445387.6,4624160875.34606,399178272.16219485,107013735.50048937,5378163.952930307,5,"2019,2020,2021,2022,2023"
generation_storage,TOLAR,5000.0,38.35378400404229,5.4550499106189685,0.00028873256296896516,-0.00013307089734520476,1702.3799999999999,1702.3799999999999,190326850.0,190326850.0,4863660690.442163,638678087.258298,110412257.29802975,8776685.750470707,5,"2019,2020,2021,2022,2023"
generation_tx,ABILENE,500.0,34.31765214978158,1.4158731447691857,0.0007512403279382456,0.00018675593516388997,363.48,343.38,13405872.0,13299098.0,4284879211.538808,60016058.38758612,102444722.19550948,810940.0041826486,5,"2019,2020,2021,2022,2023"
generation_tx,ABILENE,1000.0,34.51840151659549,1.6166225115830948,0.0007274704388351326,0.00016298604606077697,708.18,688.08,27054621.2,26947847.2,4346280050.199509,121416897.048287,103275819.22315536,1642037.0318285315,5,"2019,2020,2021,2022,2023"
generation_tx,ABILENE,3000.0,35.409485018576035,2.507706013563637,0.0005161311312678835,-4.8353261506472295e-05,2407.22,2387.12,83111272.2,83004498.2,4601963081.368502,377099928.2172804,106720977.10683483,5087194.915507999,5,"2019,2020,2021,2022,2023"
generation_tx,ABILENE,5000.0,37.04500828955118,4.143229284538782,0.0006549508492165066,9.046645644215101e-05,4868.5,4848.4,157074195.6,156967421.6,4858628537.529829,633765384.3786074,110217068.28685288,8583286.09552604,5,"2019,2020,2021,2022,2023"
generation_tx,AUSTIN,500.0,34.30934362158007,1.407564616567671,0.0005898286736593092,2.5344280884953595e-05,229.72000000000003,209.61999999999998,12514281.0,12407507.0,4288790247.9645414,63927094.81331988,102509746.13778134,875963.9464544952,5,"2019,2020,2021,2022,2023"
generation_tx,AUSTIN,1000.0,34.50172758996375,1.5999485849513568,0.0005325985705819591,-3.188582219239672e-05,445.44000000000005,425.34000000000003,25234225.0,25127451.0,4353197629.36362,128334476.21239881,103387376.53506456,1753594.3437377363,5,"2019,2020,2021,2022,2023"
generation_tx,AUSTIN,3000.0,35.36003007116527,2.4582510661528714,0.0005160239069851482,-4.8460485789207574e-05,1237.58,1217.48,75250086.8,75143312.8,4617047602.915105,392184449.7638835,106985784.00399797,5352001.812671134,5,"2019,2020,2021,2022,2023"
generation_tx,AUSTIN,5000.0,37.19622888966991,4.294449884657515,0.000637002509307293,7.251811653293716e-05,2423.2200000000003,2403.12,137499151.4,137392377.4,4881971380.995031,657108227.8438098,110646882.21592876,9013100.024601946,5,"2019,2020,2021,2022,2023"
generation_tx,CHILDRESS,500.0,34.29843055720414,1.3966515521917486,0.0004587642186794986,-0.00010572017409485714,656.74,636.64,15235992.4,15129218.4,4282570217.3940597,57707064.24283781,102402817.46790461,769035.2765777856,5,"2019,2020,2021,2022,2023"
generation_tx,CHILDRESS,1000.0,34.49422008604613,1.5924410810337335,0.0004582958149727709,-0.00010618857780158476,1761.4,1741.3,33181195.8,33074421.8,4343368466.968111,118505313.81688957,103220465.0160037,1586682.8246768743,5,"2019,2020,2021,2022,2023"
generation_tx,CHILDRESS,3000.0,35.364713478064054,2.4629344730516594,0.0006343207576756206,6.983636490126479e-05,9937.48,9917.380000000001,126344020.8,126237246.8,4598202556.362965,373339403.2117432,106656142.85136569,5022360.660038859,5,"2019,2020,2021,2022,2023"
generation_tx,CHILDRESS,5000.0,37.51888549586673,4.617106490854338,0.0014603062152146059,0.00089582182244025,20580.62,20560.519999999997,251847483.8,251740709.8,4850670907.549283,625807754.3980614,110125678.63695316,8491896.445626333,5,"2019,2020,2021,2022,2023"
generation_tx,DFW_SOUTH,500.0,34.323899427053426,1.4221204220410306,0.0006177830329836492,5.329864020929355e-05,234.66,214.56,12855317.8,12748543.8,4288672604.033488,63809450.882266045,102494741.74688452,860959.555557695,5,"2019,2020,2021,2022,2023"
generation_tx,DFW_SOUTH,1000.0,34.52926791656447,1.62748891155207,0.0006092417125795347,4.475731980517906e-05,473.16,453.06000000000006,26064523.4,25957749.4,4352893126.533518,128029973.38229552,103359237.1077106,1725454.9163837612,5,"2019,2020,2021,2022,2023"
generation_tx,DFW_SOUTH,3000.0,35.406816536411945,2.5050375313995517,0.0006884074754607525,0.00012392308268639683,1427.8600000000001,1407.7600000000002,78591048.2,78484274.2,4615637455.368486,390774302.2172654,106871626.2301091,5237844.038782257,5,"2019,2020,2021,2022,2023"
generation_tx,DFW_SOUTH,5000.0,36.991894170924596,4.090115165912198,0.0005538061229707692,-1.067826980358646e-05,3030.2200000000003,3010.1200000000003,147365021.6,147258247.6,4874970908.428584,650107755.277363,110397261.93632703,8763479.745000204,5,"2019,2020,2021,2022,2023"
generation_tx,HOUSTON,500.0,34.28433831834728,1.382559313334881,0.0005293258567431033,-3.515853603125243e-05,387.26000000000005,367.16,13496368.4,13389594.4,4289520004.178739,64656851.0275176,102507779.79730771,873997.605980888,5,"2019,2020,2021,2022,2023"
generation_tx,HOUSTON,1000.0,34.46593211225867,1.5641531072462775,0.000474524156820293,-8.996023595406272e-05,761.4,741.3,27237081.2,27130307.2,4354599491.144404,129736337.99318323,103381067.26323454,1747285.071907717,5,"2019,2020,2021,2022,2023"
generation_tx,HOUSTON,3000.0,35.288940681542456,2.3871616765300643,0.00047742409439049916,-8.706029838385657e-05,2340.0,2319.9,82593000.0,82486226.0,4620009138.336326,395145985.185104,106947109.5085772,5313327.317250377,5,"2019,2020,2021,2022,2023"
generation_tx,HOUSTON,5000.0,36.98858776219713,4.0868087571847305,0.0007872496941242832,0.0002227653013499275,4391.92,4371.82,151523540.4,151416766.4,4885647426.919384,660784273.7681624,110552798.67242913,8919016.481102297,5,"2019,2020,2021,2022,2023"
generation_tx,TOLAR,500.0,34.3110227183491,1.4092437133367042,0.000642854649624025,7.837025684966938e-05,214.08,193.98000000000002,12534586.8,12427812.8,4288375624.4121437,63512471.26092186,102489461.48068403,855679.2893571943,5,"2019,2020,2021,2022,2023"
generation_tx,TOLAR,1000.0,34.51504366719487,1.6132646621824727,0.0012717568414278083,0.0007072724486534525,448.87999999999994,428.7799999999999,25575113.8,25468339.8,4352196092.899559,127332939.74833736,103349209.26421279,1715427.0728859543,5,"2019,2020,2021,2022,2023"
generation_tx,TOLAR,3000.0,35.38429754589656,2.482518540884164,0.0005881379821527218,2.3653589378366063e-05,1193.5,1173.4,76527451.6,76420677.6,4613944417.2079315,389081264.05670977,106848038.1616659,5214255.970339072,5,"2019,2020,2021,2022,2023"
generation_tx,TOLAR,5000.0,37.54477209595985,4.642993090947453,0.0009915447329505022,0.0004270603401761464,2564.6,2544.5,154995614.0,154888840.0,4864019524.578343,639156371.4271219,110285851.43652622,8652069.245199388,5,"2019,2020,2021,2022,2023"
