year,mode,location,scale_mw,scenario_ercot_capped_lmp_$/MWh,delta_ercot_capped_lmp_$/MWh,scenario_eue_mwh,delta_eue_mwh,scenario_new_capacity_mw,delta_new_capacity_mw,scenario_annual_investment_$,delta_annual_investment_$,scenario_dispatch_cost_dynamic_$,delta_dispatch_cost_dynamic_$,scenario_co2_tonnes,delta_co2_tonnes
2019,dispatch,ABILENE,500.0,20.805694340126625,0.17045207271111096,3.953066965820067e-05,3.6789783632100036e-05,0.0,0.0,0.0,0.0,2968699755.190281,41543742.35240793,96219107.72200364,952784.0948696434
2020,dispatch,ABILENE,500.0,19.49023498648965,0.20886356967427844,0.0008930699445712697,0.0004248107482930718,0.0,0.0,0.0,0.0,2724794919.180659,38427372.49627161,94117058.4903516,902814.3210653514
2021,dispatch,ABILENE,500.0,37.796068227159324,0.33372443738895186,1.649886827641741e-06,-0.002739080798972582,0.0,0.0,0.0,0.0,4613724247.413905,72033320.11057472,104924933.07692234,805321.3307311386
2022,dispatch,ABILENE,500.0,61.143242489565885,0.5191396718557613,1.6890862392089475e-05,-2.267713964556159e-05,0.0,0.0,0.0,0.0,7295464174.594987,118036559.1698761,109800491.71709071,825084.894711405
2023,dispatch,ABILENE,500.0,36.40920128819528,9.77530536016842,2792.858300262986,2792.855433042579,0.0,0.0,0.0,0.0,17806942171.209805,14014617132.998909,107537450.91408844,934684.2256749421
2019,dispatch,ABILENE,1000.0,20.970919987627905,0.3356777202123915,1.2552678217029348e-06,-1.4856182043977035e-06,0.0,0.0,0.0,0.0,3011484619.742501,84328606.9046278,97213638.50820416,1947314.8810701668
2020,dispatch,ABILENE,1000.0,19.740881611904282,0.4595101950889102,2.140376159592566e-06,-0.0004661188201186054,0.0,0.0,0.0,0.0,2765471773.6951447,79104227.01075745,95072580.01519428,1858335.8459080309
2021,dispatch,ABILENE,1000.0,38.115918835303084,0.6535750455327118,0.0007254147837169126,-0.002015315902083311,0.0,0.0,0.0,0.0,4689634556.289841,147943628.98651028,105773915.00234072,1654303.2561495155
2022,dispatch,ABILENE,1000.0,61.57887074024035,0.9547679225302232,8.50326656018072e-07,-3.8717675381632993e-05,0.0,0.0,0.0,0.0,7417958999.787927,240531384.36281586,110651250.55428542,1675843.731906116
2023,dispatch,ABILENE,1000.0,43.01324350674113,16.37934757871427,7047.598374047123,7047.595506826716,0.0,0.0,0.0,0.0,39132709981.39241,35340384943.18152,108518157.10254869,1915390.4141351879
2019,dispatch,ABILENE,3000.0,-809.0357478776854,-829.6709901451009,188119.88834697584,188119.88834423496,0.0,0.0,0.0,0.0,944058563145.9595,941131407133.1216,107825120.81333631,12558797.186202317
2020,dispatch,ABILENE,3000.0,-973.8925130613827,-993.173884478198,245362.30966317604,245362.30919491686,0.0,0.0,0.0,0.0,1230102546116.5278,1227416178569.8435,106356613.84212786,13142369.672841609
2021,dispatch,ABILENE,3000.0,-1034.538315297101,-1072.0006590868713,280279.6400254593,280279.6372847286,0.0,0.0,0.0,0.0,1407263215971.2021,1402721525043.899,115105249.19405836,10985637.447867155
2022,dispatch,ABILENE,3000.0,-659.635477602938,-720.259580420648,264435.842832305,264435.842792737,0.0,0.0,0.0,0.0,1331213707476.2898,1324036279860.8647,119405511.7631149,10430104.940735593
2023,dispatch,ABILENE,3000.0,-417.30787263846184,-443.9417685664887,316325.8695154648,316325.8666482444,0.0,0.0,0.0,0.0,1586311653024.418,1582519327986.207,118695440.88054277,12092674.19212927
2019,dispatch,ABILENE,5000.0,-5021.656131051705,-5042.291373319121,5491050.86357813,5491050.863575389,0.0,0.0,0.0,0.0,27459774937084.78,27456847781071.945,123956692.69727336,28690369.070139363
2020,dispatch,ABILENE,5000.0,-4458.843629085945,-4478.1250005027605,5685606.957268118,5685606.956799859,0.0,0.0,0.0,0.0,28432335752917.52,28429649385370.836,121456918.90138589,28242674.732099637
2021,dispatch,ABILENE,5000.0,-4137.437035734168,-4174.8993795239385,5741633.438090618,5741633.435349887,0.0,0.0,0.0,0.0,28716040797789.453,28711499106862.15,123896231.85565956,19776620.109468356
2022,dispatch,ABILENE,5000.0,-3544.8122367087008,-3605.436339526411,5324710.440100969,5324710.440061401,0.0,0.0,0.0,0.0,26635538064642.21,26628360637026.785,130172923.55291809,21197516.730538785
2023,dispatch,ABILENE,5000.0,-3285.0911151101163,-3311.7250110381433,5714337.815213927,5714337.812346707,0.0,0.0,0.0,0.0,28577975429960.66,28574183104922.45,137358712.77606326,30755946.087649763
2019,dispatch,AUSTIN,500.0,20.800234167874837,0.16499190045932366,1.9361772147742867e-06,-8.047088113263516e-07,0.0,0.0,0.0,0.0,2969204028.1277547,42048015.289881706,96251585.28377484,985261.6566408426
2020,dispatch,AUSTIN,500.0,19.461994846144883,0.18062342932951125,0.0004695149663050236,1.2557700268256422e-06,0.0,0.0,0.0,0.0,2725670107.3069015,39302560.62251425,94159582.68196587,945338.5126796216
2021,dispatch,AUSTIN,500.0,37.75047831729166,0.28813452752128654,0.0028092883585275506,6.855767272732688e-05,0.0,0.0,0.0,0.0,4617912455.259407,76221527.95607662,104987704.77070469,868093.024513483
2022,dispatch,AUSTIN,500.0,61.09051103918579,0.4664082214756675,0.0010245577095719307,0.0009849897075342796,0.0,0.0,0.0,0.0,7302060502.942151,124632887.51704025,109868428.89291511,893022.0705358088
2023,dispatch,AUSTIN,500.0,35.71846844919736,9.084572521170504,2663.062537938371,2663.059670717964,0.0,0.0,0.0,0.0,17160773874.43604,13368448836.225145,107613163.12022223,1010396.431808725
2019,dispatch,AUSTIN,1000.0,20.956285673274365,0.3210434058588518,8.662992507689709e-07,-1.8745867753316674e-06,0.0,0.0,0.0,0.0,3011756823.3088856,84600810.47101259,97251655.30953565,1985331.682401657
2020,dispatch,AUSTIN,1000.0,19.688970773432306,0.40759935661693447,0.0014383236954623288,0.0009700644991841309,0.0,0.0,0.0,0.0,2765534410.2799416,79166863.59555435,95117695.36901282,1903451.1997265667
2021,dispatch,AUSTIN,1000.0,38.047764121628596,0.5854203318582236,0.00047696027801000023,-0.0022637704077902235,0.0,0.0,0.0,0.0,4695034872.571745,153343945.2684145,105848184.85834071,1728573.1121495068
2022,dispatch,AUSTIN,1000.0,61.47973224924393,0.8556294315338064,0.00013575451815544637,9.61865161177953e-05,0.0,0.0,0.0,0.0,7427995168.622106,250567553.19699478,110767448.80422105,1792041.981841743
2023,dispatch,AUSTIN,1000.0,42.901905229546834,16.268009301519978,6888.629606433292,6888.626739212885,0.0,0.0,0.0,0.0,38342420884.923134,34550095846.712234,108645591.23188588,2042824.5434723794
2019,dispatch,AUSTIN,3000.0,21.708581511130387,1.073339243714873,0.001543561586842135,0.0015408207008160344,0.0,0.0,0.0,0.0,3188487685.068787,261331672.23091412,101478488.80247971,6212165.175345719
2020,dispatch,AUSTIN,3000.0,23.32384910385764,4.042477687042268,118.26718603943623,118.26671778023994,0.0,0.0,0.0,0.0,3523043386.1472983,836675839.4629111,99264117.82153982,6049873.652253568
2021,dispatch,AUSTIN,3000.0,39.28622658699458,1.8238827972242078,0.0008992844384709146,-0.001841446247329309,0.0,0.0,0.0,0.0,5015480127.815007,473789200.5116768,109414312.81780846,5294701.071617261
2022,dispatch,AUSTIN,3000.0,63.47653785366147,2.852435035951345,0.003961804479610161,0.00392223647757251,0.0,0.0,0.0,0.0,7947624992.111842,770197376.6867313,114349310.65347134,5373903.83109203
2023,dispatch,AUSTIN,3000.0,60.49046653435463,33.85657060632778,41301.46837157814,41301.46550435774,0.0,0.0,0.0,0.0,210630297416.59256,206837972378.38165,112978862.99912699,6376096.310713485
2019,dispatch,AUSTIN,5000.0,28.019963714352357,7.384721446936844,241.5869438724574,241.58694113157136,0.0,0.0,0.0,0.0,4587440329.789465,1660284316.951592,106306995.17200553,11040671.544871539
2020,dispatch,AUSTIN,5000.0,30.55613375282759,11.27476233601222,1120.1951937222932,1120.194725463097,0.0,0.0,0.0,0.0,8714452709.951443,6028085163.2670555,104067260.67639172,10853016.50710547
2021,dispatch,AUSTIN,5000.0,51.47491160121105,14.012567811440675,370.0495193107406,370.0467785800548,0.0,0.0,0.0,0.0,7221966319.849477,2680275392.5461464,113364614.67004393,9245002.923852727
2022,dispatch,AUSTIN,5000.0,84.86822531494781,24.244122497237683,7035.323481871749,7035.3234423037475,0.0,0.0,0.0,0.0,43692381282.05401,36514953666.6289,118131912.28720105,9156505.464821741
2023,dispatch,AUSTIN,5000.0,132.1061085575318,105.47221262950494,115294.77329307055,115294.77042585015,0.0,0.0,0.0,0.0,580862081421.1979,577069756382.9869,118100781.35651068,11498014.668097183
2019,dispatch,CHILDRESS,500.0,21.51764178646504,0.8823995190495282,644945.0929309375,644945.0929281967,0.0,0.0,0.0,0.0,3227749057969.356,3224821901956.518,97242382.608598,1976058.9814639986
2020,dispatch,CHILDRESS,500.0,26.40607457454277,7.124703157727399,644089.1533733191,644089.1529050599,0.0,0.0,0.0,0.0,3223216786683.682,3220530419136.9976,94792568.55055848,1578324.3812722266
2021,dispatch,CHILDRESS,500.0,38.07816184490599,0.6158180551356196,645348.3103922122,645348.3076514816,0.0,0.0,0.0,0.0,3231487154087.1353,3226945463159.832,105925510.36771727,1805898.6215260625
2022,dispatch,CHILDRESS,500.0,65.97521144155529,5.351108623845164,131.4627188506117,131.46267928260966,0.0,0.0,0.0,0.0,8013119905.333065,835692289.9079542,110193989.36604282,1218582.5436635166
2023,dispatch,CHILDRESS,500.0,67.77045604447186,41.136560116445,543364.1348008274,543364.1319336069,0.0,0.0,0.0,0.0,2720806704463.3774,2717014379425.1665,109566253.18427476,2963486.495861262
2019,dispatch,CHILDRESS,1000.0,21.51764178646504,0.8823995190495282,2671728.2911835792,2671728.2911808384,0.0,0.0,0.0,0.0,13361683711382.988,13358756555370.15,97242382.608598,1976058.9814639986
2020,dispatch,CHILDRESS,1000.0,26.40607457454277,7.124703157727399,2670092.8939601844,2670092.893491925,0.0,0.0,0.0,0.0,13353255911642.855,13350569544096.172,94792568.55055848,1578324.3812722266
2021,dispatch,CHILDRESS,1000.0,38.07816184490599,0.6158180551356196,2672131.508644855,2672131.5059041246,0.0,0.0,0.0,0.0,13365425209644.201,13360883518716.898,105925510.36771727,1805898.6215260625
2022,dispatch,CHILDRESS,1000.0,81.76786161589283,21.143758798182702,1774507.626904324,1774507.626864756,0.0,0.0,0.0,0.0,8880095241656.258,8872917814040.832,111242754.14301893,2267347.320639625
2023,dispatch,CHILDRESS,1000.0,67.77045604447186,41.136560116445,2570147.33305347,2570147.3301862497,0.0,0.0,0.0,0.0,12854741776066.5,12850949451028.29,109566253.18427476,2963486.495861262
2019,dispatch,CHILDRESS,3000.0,21.51764178646504,0.8823995190495282,10778861.08419415,10778861.084191408,0.0,0.0,0.0,0.0,53897422325037.5,53894495169024.664,97242382.608598,1976058.9814639986
2020,dispatch,CHILDRESS,3000.0,26.40607457454277,7.124703157727399,10774107.856307648,10774107.855839388,0.0,0.0,0.0,0.0,53873412411479.56,53870726043932.875,94792568.55055848,1578324.3812722266
2021,dispatch,CHILDRESS,3000.0,38.07816184490599,0.6158180551356196,10779264.301655423,10779264.298914691,0.0,0.0,0.0,0.0,53901177431872.46,53896635740945.16,105925510.36771727,1805898.6215260625
2022,dispatch,CHILDRESS,3000.0,81.76786161589283,21.143758798182702,9881640.419914898,9881640.41987533,0.0,0.0,0.0,0.0,49415845494502.5,49408668066887.08,111242754.14301893,2267347.320639625
2023,dispatch,CHILDRESS,3000.0,67.77045604447186,41.136560116445,10677280.126064038,10677280.123196818,0.0,0.0,0.0,0.0,53390482062478.984,53386689737440.77,109566253.18427476,2963486.495861262
2019,dispatch,CHILDRESS,5000.0,21.51764178646504,0.8823995190495282,18885993.877204724,18885993.87720198,0.0,0.0,0.0,0.0,94433160938692.06,94430233782679.22,97242382.608598,1976058.9814639986
2020,dispatch,CHILDRESS,5000.0,26.40607457454277,7.124703157727399,18878122.81865512,18878122.81818686,0.0,0.0,0.0,0.0,94393568911316.27,94390882543769.58,94792568.55055848,1578324.3812722266
2021,dispatch,CHILDRESS,5000.0,38.07816184490599,0.6158180551356196,18886397.094666,18886397.09192527,0.0,0.0,0.0,0.0,94436929654100.73,94432387963173.44,105925510.36771727,1805898.6215260625
2022,dispatch,CHILDRESS,5000.0,81.76786161589283,21.143758798182702,17988773.21292546,17988773.212885894,0.0,0.0,0.0,0.0,89951595747348.75,89944418319733.33,111242754.14301893,2267347.320639625
2023,dispatch,CHILDRESS,5000.0,67.77045604447186,41.136560116445,18784412.919074614,18784412.91620739,0.0,0.0,0.0,0.0,93926222348891.5,93922430023853.3,109566253.18427476,2963486.495861262
2019,dispatch,DFW_SOUTH,500.0,20.799406844351047,0.16416457693553355,0.000385332482660528,0.00038259159663442735,0.0,0.0,0.0,0.0,2968923221.4458013,41767208.607928276,96223880.58634833,957556.9592143297
2020,dispatch,DFW_SOUTH,500.0,19.472078399819637,0.19070698300426514,0.000734615490466855,0.0002663562941886571,0.0,0.0,0.0,0.0,2725259919.876604,38892373.19221687,94129527.2689172,915283.0996309519
2021,dispatch,DFW_SOUTH,500.0,37.77765350997701,0.31530972020663484,3.7808374312985213e-06,-0.0027369498483689253,0.0,0.0,0.0,0.0,4617854321.025164,76163393.72183323,104968673.88270657,849062.136515364
2022,dispatch,DFW_SOUTH,500.0,61.19705250380132,0.5729496860911922,0.0003923219202097057,0.00035275391817205464,0.0,0.0,0.0,0.0,7302420044.034861,124992428.6097498,109852820.55797538,877413.7355960757
2023,dispatch,DFW_SOUTH,500.0,36.514994668631786,9.88109874060493,2996.2218285248005,2996.2189613043934,0.0,0.0,0.0,0.0,18827070371.53961,15034745333.328716,107597675.64785092,994908.959437415
2019,dispatch,DFW_SOUTH,1000.0,20.95666082665619,0.3214185592406764,2.2591908160569224e-06,-4.81695210043716e-07,0.0,0.0,0.0,0.0,3011174302.0492296,84018289.21135664,97209861.9991265,1943538.3719924986
2020,dispatch,DFW_SOUTH,1000.0,19.71595128572994,0.4345798689145681,0.0008549772149590679,0.00038671801868087,0.0,0.0,0.0,0.0,2764604200.763557,78236654.07916975,95047068.24221915,1832824.072932899
2021,dispatch,DFW_SOUTH,1000.0,38.09157929480996,0.6292355050395884,0.00023035577532115104,-0.0025103749104790725,0.0,0.0,0.0,0.0,4694941614.831292,153250687.52796173,105820953.8812776,1701342.1350864023
2022,dispatch,DFW_SOUTH,1000.0,61.79154709547971,1.167444277769583,0.0005683930524919852,0.0005288250504543341,0.0,0.0,0.0,0.0,7429565365.322883,252137749.89777184,110740686.18106793,1765279.3586886227
2023,dispatch,DFW_SOUTH,1000.0,43.71124242174085,17.077346493713993,7606.007014929791,7606.004147709384,0.0,0.0,0.0,0.0,41931101235.80139,38138776197.5905,108619144.93900126,2016378.2505877614
2019,dispatch,DFW_SOUTH,3000.0,21.65367383546502,1.0184315680495075,2.939672789488539e-06,1.987867633879005e-07,0.0,0.0,0.0,0.0,3187053487.808849,259897474.97097588,101308159.15875965,6041835.531625658
2020,dispatch,DFW_SOUTH,3000.0,23.288287096649125,4.006915679833753,93.50211556310107,93.50164730390479,0.0,0.0,0.0,0.0,3395053784.423975,708686237.7395878,98857759.84586114,5643515.676574886
2021,dispatch,DFW_SOUTH,3000.0,39.40478856285724,1.9424447730868692,0.000845918497496901,-0.0018948121883033226,0.0,0.0,0.0,0.0,5013068115.87774,471377188.5744095,109278880.38618709,5159268.639995888
2022,dispatch,DFW_SOUTH,3000.0,92.16965748966066,31.54555467195054,1472.691553048367,1472.691513480365,0.0,0.0,0.0,0.0,15340212612.522154,8162784997.097043,114407710.2855666,5432303.463187292
2023,dispatch,DFW_SOUTH,3000.0,190.81194047865083,164.17804455062398,74500.20764001655,74500.20477279615,0.0,0.0,0.0,0.0,376674893210.99084,372882568172.77997,113071698.48029333,6468931.791879833
2019,dispatch,DFW_SOUTH,5000.0,12.250190754659519,-8.385051512755995,615.5039759283598,615.5039731874738,0.0,0.0,0.0,0.0,6453178729.911298,3526022717.073425,105603895.82718782,10337572.200053826
2020,dispatch,DFW_SOUTH,5000.0,-64.93306910532273,-84.2144405221381,5831.853747388368,5831.853279129172,0.0,0.0,0.0,0.0,32265061939.56354,29578694392.879154,102926525.27600111,9712281.10671486
2021,dispatch,DFW_SOUTH,5000.0,44.701107686869555,7.238763897099183,126.73196781318167,126.72922708249587,0.0,0.0,0.0,0.0,5989540593.131913,1447849665.8285828,112908004.67918153,8788392.932990327
2022,dispatch,DFW_SOUTH,5000.0,-802.4404179331493,-863.0645207508594,139432.65416458363,139432.65412501563,0.0,0.0,0.0,0.0,705802644172.6794,698625216557.2543,118331741.49865156,9356334.676272258
2023,dispatch,DFW_SOUTH,5000.0,-1342.8913664343565,-1369.5252623623835,552941.8790747658,552941.8762075454,0.0,0.0,0.0,0.0,2769223051789.2744,2765430726751.0635,117989791.16211829,11387024.473704785
2019,dispatch,HOUSTON,500.0,20.83436486306658,0.19912259565106538,1.1562470434038836e-06,-1.5846389826967547e-06,0.0,0.0,0.0,0.0,2970425003.96581,43268991.12793684,96273715.56979556,1007391.9426615685
2020,dispatch,HOUSTON,500.0,19.422932857301525,0.1415614404861536,0.00037079034074390154,-9.746885553429642e-05,0.0,0.0,0.0,0.0,2726764960.220053,40397413.53566599,94165466.24299905,951222.073712796
2021,dispatch,HOUSTON,500.0,37.71229832168419,0.249954531913815,0.0018560183049100036,-0.0008847123808902201,0.0,0.0,0.0,0.0,4619427885.09658,77736957.79324913,104982690.06882757,863078.3226363659
2022,dispatch,HOUSTON,500.0,61.00957069136659,0.3854678736564665,0.0018962171473321033,0.0018566491452944522,0.0,0.0,0.0,0.0,7303951864.439768,126524249.01465702,109864341.48048717,888934.6581078619
2023,dispatch,HOUSTON,500.0,36.369411944068105,9.735516016041249,2848.5182539529583,2848.515386732551,0.0,0.0,0.0,0.0,18089198201.947605,14296873163.73671,107629918.08638032,1027151.397966817
2019,dispatch,HOUSTON,1000.0,21.00933908719434,0.3740968197788277,3.0612606453662427e-06,3.203746192656044e-07,0.0,0.0,0.0,0.0,3014679728.7752967,87523715.9374237,97276459.74098466,2010136.113850668
2020,dispatch,HOUSTON,1000.0,19.567502302767235,0.286130885951863,0.0008191035326155281,0.00035084433633733017,0.0,0.0,0.0,0.0,2767959180.972514,81591634.28812695,95140909.0230778,1926664.8537915498
2021,dispatch,HOUSTON,1000.0,38.0246426821572,0.5622988923868277,0.0022326176614572845,-0.0005081130243429393,0.0,0.0,0.0,0.0,4698281660.7011385,156590733.39780807,105855212.30597891,1735600.5597877055
2022,dispatch,HOUSTON,1000.0,61.41733138781091,0.7932285701007871,1.1174459610345205e-05,-2.8393542427305862e-05,0.0,0.0,0.0,0.0,7431642698.059395,254215082.63428402,110752718.74910673,1777311.926727429
2023,dispatch,HOUSTON,1000.0,39.69896903295765,13.065073104930793,7222.80266781065,7222.799800590243,0.0,0.0,0.0,0.0,40015764462.43381,36223439424.222916,108679211.74651136,2076445.0580978543
2019,dispatch,HOUSTON,3000.0,21.697538664625796,1.0622963972102824,9.607889318053407e-05,9.333800715443344e-05,0.0,0.0,0.0,0.0,3202214991.51057,275058978.67269707,101370881.60937864,6104557.982244641
2020,dispatch,HOUSTON,3000.0,20.43395533954465,1.1525839227292778,0.0015641139061409702,0.0010958547098627721,0.0,0.0,0.0,0.0,2944367541.1640735,257999994.47968626,99159714.64387977,5945470.47459352
2021,dispatch,HOUSTON,3000.0,39.122039190549714,1.6596954007793414,0.0020317889745652034,-0.0007089417112350204,0.0,0.0,0.0,0.0,5025170696.539546,483479769.2362156,109456209.78165703,5336598.035465822
2022,dispatch,HOUSTON,3000.0,63.49511807791149,2.871015260201368,0.0012526497314419847,0.0012130817294043336,0.0,0.0,0.0,0.0,7961875366.238453,784447750.8133421,114417460.48506488,5442053.662685573
2023,dispatch,HOUSTON,3000.0,57.58660940034164,30.952713472314787,42277.34256272251,42277.3396955021,0.0,0.0,0.0,0.0,215521361034.0927,211729035995.8818,113086870.45065525,6484103.762241751
2019,dispatch,HOUSTON,5000.0,53.45122199388466,32.815979726469145,11937.467249160678,11937.467246419792,0.0,0.0,0.0,0.0,63104664198.28989,60177508185.45201,105784025.94964756,10517702.322513565
2020,dispatch,HOUSTON,5000.0,50.97922517860764,31.69785376179227,13099.693142881957,13099.69267462276,0.0,0.0,0.0,0.0,68655893524.916435,65969525978.23205,103678217.09718262,10463972.927896366
2021,dispatch,HOUSTON,5000.0,40.95482571158463,3.49248192181426,0.002132527000310505,-0.0006082036854897187,0.0,0.0,0.0,0.0,5380123046.225312,838432118.9219818,113314896.72732818,9195284.981136978
2022,dispatch,HOUSTON,5000.0,75.94511019804852,15.3210073803384,2874.46965189785,2874.4696123298477,0.0,0.0,0.0,0.0,22907500669.90982,15730073054.48471,118319004.95145193,9343598.129072621
2023,dispatch,HOUSTON,5000.0,186.7913248551914,160.15742892716455,144451.4516227291,144451.4487555087,0.0,0.0,0.0,0.0,726677186566.619,722884861528.4081,118018964.55036084,11416197.861947343
2019,dispatch,TOLAR,500.0,20.796485105881274,0.16124283846576049,7.5496717136894654e-06,4.808785687588827e-06,0.0,0.0,0.0,0.0,2968767366.962453,41611354.12457991,96218352.14952107,952028.5223870724
2020,dispatch,TOLAR,500.0,19.46949395956388,0.18812254274850915,0.0007401140235439854,0.0002718548272657874,0.0,0.0,0.0,0.0,2725122817.4417543,38755270.757367134,94125600.92714982,911356.7578635663
2021,dispatch,TOLAR,500.0,37.774805995668615,0.3124622058982425,0.0005933916987730036,-0.00214733898702722,0.0,0.0,0.0,0.0,4617666803.111625,75975875.8082943,104966639.59821756,847027.8520263582
2022,dispatch,TOLAR,500.0,61.14344703756211,0.5193442198519875,0.00012440227208683,8.483427004917894e-05,0.0,0.0,0.0,0.0,7301384804.847724,123957189.42261314,109845018.25982226,869611.4374429584
2023,dispatch,TOLAR,500.0,36.35679206913212,9.722896141105263,2757.0288861780577,2757.0260189576506,0.0,0.0,0.0,0.0,17630059154.365902,13837734116.155006,107580539.23207359,977772.5436600894
2019,dispatch,TOLAR,1000.0,20.952095121271267,0.3168528538557531,2.2066084939401303e-06,-5.34277532160508e-07,0.0,0.0,0.0,0.0,3010777929.839903,83621917.0020299,97194912.43826166,1928588.8111276627
2020,dispatch,TOLAR,1000.0,19.711532653988183,0.4301612371728112,0.0009418968238150916,0.0004736376275368936,0.0,0.0,0.0,0.0,2764327867.3285103,77960320.64412308,95040760.98635106,1826516.8170648068
2021,dispatch,TOLAR,1000.0,38.0811712318491,0.6188274420787252,0.0014299622896997092,-0.0013107683961005145,0.0,0.0,0.0,0.0,4694557226.8579,152866299.55456924,105816470.37236091,1696858.6261697114
2022,dispatch,TOLAR,1000.0,61.55477498860451,0.9306721708943826,0.00026208001071197843,0.00022251200867432738,0.0,0.0,0.0,0.0,7427060792.448381,249633177.0232706,110722710.82798408,1747304.0056047738
2023,dispatch,TOLAR,1000.0,43.001275156287704,16.367379228260848,6946.161944496091,6946.159077275684,0.0,0.0,0.0,0.0,38628960283.300995,34836635245.0901,108583028.3446851,1980261.6562715918
2019,dispatch,TOLAR,3000.0,21.575368007322588,0.9401257399070744,0.0005433656730751085,0.0005406247870490079,0.0,0.0,0.0,0.0,3182506356.7613792,255350343.92350626,101170595.99014176,5904272.363007769
2020,dispatch,TOLAR,3000.0,23.122719534714893,3.8413481178995212,79.43787341526769,79.4374051560714,0.0,0.0,0.0,0.0,3322234881.6215634,635867334.9371762,98818292.2895689,5604048.12028265
2021,dispatch,TOLAR,3000.0,39.26522783107083,1.8028840413004588,0.0013015395544512113,-0.0014391911313490124,0.0,0.0,0.0,0.0,5009384454.309412,467693527.0060816,109258041.59115992,5138429.844968721
2022,dispatch,TOLAR,3000.0,74.11479529557343,13.490692477863305,214.85452089715892,214.85448132915687,0.0,0.0,0.0,0.0,9027734309.553349,1850306694.1282377,114308614.06531528,5333207.24293597
2023,dispatch,TOLAR,3000.0,70.73573263238367,44.10183670435681,42099.953322396614,42099.95045517621,0.0,0.0,0.0,0.0,214622576845.2828,210830251807.0719,112667166.83463255,6064400.146219045
2019,dispatch,TOLAR,5000.0,25.463368769061038,4.828126501645524,53.951810232176676,53.95180749129065,0.0,0.0,0.0,0.0,3630507791.2566843,703351778.4188113,105273890.46497731,10007566.837843314
2020,dispatch,TOLAR,5000.0,30.44305868132621,11.161687264510839,1503.1197155888883,1503.1192473296921,0.0,0.0,0.0,0.0,10607399262.357084,7921031715.672697,102727290.40627658,9513046.236990333
2021,dispatch,TOLAR,5000.0,43.6871019624428,6.224758172672431,33.996402050302315,33.993661319616514,0.0,0.0,0.0,0.0,5507603209.843219,965912282.5398884,112792955.73407528,8673343.987884074
2022,dispatch,TOLAR,5000.0,60.725363701130156,0.10126088342003214,21545.92157803328,21545.921538465278,0.0,0.0,0.0,0.0,116251164314.71118,109073736699.28607,118133358.79970706,9157951.97732775
2023,dispatch,TOLAR,5000.0,50.788485625122696,24.15458969709584,145143.68845558225,145143.68558836184,0.0,0.0,0.0,0.0,730114994362.4763,726322669324.2654,117108788.16350044,10506021.475086942
2019,generation_storage,ABILENE,500.0,20.805104978047822,0.17029030005535262,0.0008048094336347986,0.0008013022084259356,0.0,0.0,0.0,0.0,2968704080.2636666,41548067.811495304,96219119.13295375,952795.8937523216
2020,generation_storage,ABILENE,500.0,19.48955149135996,0.22469252230134273,0.00031925558831410973,0.0003152302864539693,0.0,0.0,0.0,0.0,2724778471.0852866,38416942.646748066,94116788.8264547,902605.1971375793
2021,generation_storage,ABILENE,500.0,37.796095599840065,0.3340022177193589,5.584965997041781e-06,-8.059716487719063e-07,0.0,0.0,0.0,0.0,4613724447.7082205,72067223.39344501,104924935.0180528,805386.9542631805
2022,generation_storage,ABILENE,500.0,61.143244303470155,0.5189297539532447,2.0165790970478484e-05,-0.0012697153741041852,0.0,0.0,0.0,0.0,7295464199.094376,118014118.46185398,109800491.76801133,824999.1606134027
2023,generation_storage,ABILENE,500.0,32.60422785029237,6.096638961864468,0.0003087115315712534,-0.0004965011402101153,467.8,467.8,58062020.0,58062020.0,3834465147.231227,42176977.14990759,107369502.66970715,767192.4716179669
2019,generation_storage,ABILENE,1000.0,20.970916579533988,0.3361019015415181,3.863830905473689e-06,3.5660569661071543e-07,0.0,0.0,0.0,0.0,3011484672.7572527,84328660.30508137,97213639.64396867,1947316.404767245
2020,generation_storage,ABILENE,1000.0,19.740881563877114,0.4760225948184953,2.1147616782986424e-06,-1.91054018184178e-06,0.0,0.0,0.0,0.0,2765471780.6929445,79110252.25440598,95072580.16778241,1858396.5384652913
2021,generation_storage,ABILENE,1000.0,38.11633846941189,0.6542450872911871,6.2091063102035155e-06,-1.8183133561017157e-07,0.0,0.0,0.0,0.0,4689621986.557814,147964762.24303818,105773886.2286551,1654338.1648654789
2022,generation_storage,ABILENE,1000.0,61.57889684997989,0.954582300462981,0.001450789242583912,0.00016090807750924834,0.0,0.0,0.0,0.0,7417985683.056203,240535602.42368126,110651349.81534263,1675857.207944706
2023,generation_storage,ABILENE,1000.0,32.68969042202729,6.18210153359939,0.0002561965528453982,-0.0005490161189359705,936.6,936.6,115366847.0,115366847.0,3879828770.2081013,87540600.12678194,108209641.72146676,1607331.5233775824
2019,generation_storage,ABILENE,3000.0,21.811154325729408,1.1763396477369383,0.000158841379890801,0.00015533415468193802,739.1,739.1,82823961.0,82823961.0,3213914716.5357866,286758704.0836153,101812905.24171418,6546582.002512753
2020,generation_storage,ABILENE,3000.0,21.210758773425614,1.945899804366995,0.00013470479485295088,0.00013067949299281045,728.2,728.2,82550491.0,82550491.0,2961529598.3948126,275168069.95627403,99571078.55250266,6356894.923185542
2021,generation_storage,ABILENE,3000.0,39.729445445671615,2.2673520635509092,0.0003954015421580528,0.0003890106045122391,1003.9,1003.9,100911520.0,100911520.0,5038806846.848516,497149622.533741,109606448.5097289,5486900.445939273
2022,generation_storage,ABILENE,3000.0,64.51278575911294,3.888471209596034,0.001981108147137607,0.0006912269820629432,1898.2,1898.2,176050678.0,176050678.0,7892022968.997269,714572888.364747,113956311.31124268,4980818.703844756
2023,generation_storage,ABILENE,3000.0,33.110418246137264,6.602829357709364,0.0002381747554736191,-0.0005670379163077497,2825.3999999999996,2825.3999999999996,347126347.0,347126347.0,4094657480.3939743,302369310.312655,112188983.28309104,5586673.085001856
2019,generation_storage,ABILENE,5000.0,21.919297965366592,1.2844832873741225,3.3847072150620972e-06,-1.2251799380087604e-07,3017.8,3017.8,324569349.0,324569349.0,3485931296.9302144,558775284.4780431,107245473.15039305,11979149.911191627
2020,generation_storage,ABILENE,5000.0,21.157657702511106,1.8927987334524872,0.00011046236245047407,0.00010643706059033364,2711.7,2711.7,305732038.0,305732038.0,3235738424.9609675,549376896.522429,105319371.05364527,12105187.424328148
2021,generation_storage,ABILENE,5000.0,39.90468995298523,2.4425965708645236,0.0013416105160264638,0.0013352195783806501,2927.2,2927.2,319305106.0,319305106.0,5567488171.732677,1025830947.417902,115250228.61723404,11130680.553444415
2022,generation_storage,ABILENE,5000.0,64.07563947037472,3.4513249208578145,0.0019245892415385374,0.0006347080764638737,7224.299999999999,7224.299999999999,794023461.0,794023461.0,8210990274.403245,1033540193.7707233,116401394.50065507,7425901.893257141
2023,generation_storage,ABILENE,5000.0,33.255706149649846,6.748117261221946,0.0014888732790504058,0.000683660607269037,4710.2,4710.2,564741891.0,564741891.0,4412450771.382505,620162601.3011861,117772426.11884262,11170115.920753434
2019,generation_storage,AUSTIN,500.0,20.80023075934573,0.16541608135326058,3.1830836515153206e-06,-3.241415573476527e-07,0.0,0.0,0.0,0.0,2969204054.9740825,42048042.521911144,96251586.11960949,985262.8804080635
2020,generation_storage,AUSTIN,500.0,19.461937640128546,0.19707867106992794,2.73691014906349e-06,-1.2883917110769325e-06,0.0,0.0,0.0,0.0,2725657773.4175124,39296244.978973866,94159259.04797769,945075.4186605662
2021,generation_storage,AUSTIN,500.0,37.75023344026119,0.2881400581404847,0.0005557929085365161,0.0005494019708907025,0.0,0.0,0.0,0.0,4617862171.388394,76204947.07361889,104987587.34609482,868039.2823051959
2022,generation_storage,AUSTIN,500.0,61.090030911857646,0.46571636234073566,0.0017331039849046701,0.00044322281983000646,0.0,0.0,0.0,0.0,7302045388.072077,124595307.43955517,109868435.08413747,892942.4767395407
2023,generation_storage,AUSTIN,500.0,32.535945208450386,6.0283563200224854,0.000838689717420671,3.3477045639302306e-05,458.1,458.1,59697190.0,59697190.0,3833914142.706131,41625972.62481165,107366192.33693488,763882.138845697
2019,generation_storage,AUSTIN,1000.0,20.956283883885426,0.32146920589295647,3.0752258998141806e-06,-4.319993090487927e-07,0.0,0.0,0.0,0.0,3011756882.014511,84600869.56233978,97251659.54659997,1985336.3073985428
2020,generation_storage,AUSTIN,1000.0,19.688354543817994,0.42349557475937516,0.00024725384905334186,0.00024322854719320143,0.0,0.0,0.0,0.0,2765512316.263429,79150787.82489061,95117282.3679534,1903098.738636285
2021,generation_storage,AUSTIN,1000.0,38.04763741583551,0.5855440337148039,6.002031951427321e-06,-3.8890569438636593e-07,0.0,0.0,0.0,0.0,4695027257.250765,153370032.93598938,105848222.91288033,1728674.8490907103
2022,generation_storage,AUSTIN,1000.0,61.47973388222496,0.8554193327080526,0.0016088734313091258,0.00031899226623446214,0.0,0.0,0.0,0.0,7428016089.449564,250566008.81704235,110767522.53077151,1792029.92337358
2023,generation_storage,AUSTIN,1000.0,32.5299333868171,6.022344498389199,0.0007082477203581544,-9.696495142321436e-05,918.1,918.1,119796280.0,119796280.0,3876020583.426206,83732413.34488678,108156631.92477548,1554321.7266862988
2019,generation_storage,AUSTIN,3000.0,21.70839881723802,1.0735841392455505,2.907977296930909e-06,-5.992479119320644e-07,0.0,0.0,0.0,0.0,3188460410.299993,261304397.8478217,101477750.83998753,6211427.600786105
2020,generation_storage,AUSTIN,3000.0,20.83760491965668,1.5727459505980619,0.0007540957693265622,0.0007500704674664217,39.699999999999996,39.699999999999996,5473285.0,5473285.0,2931194882.8236003,244833354.38506174,99253390.31169398,6039206.682376862
2021,generation_storage,AUSTIN,3000.0,39.28618451624249,1.8240911341217867,5.570582901779223e-06,-8.20354744034464e-07,0.0,0.0,0.0,0.0,5015466841.440734,473809617.12595844,109414331.95790857,5294783.89411895
2022,generation_storage,AUSTIN,3000.0,63.47649598619867,2.852181436681761,0.0015704435463385783,0.0002805623812639146,0.0,0.0,0.0,0.0,7947580869.146935,770130788.5144138,114349194.47915912,5373701.871761188
2023,generation_storage,AUSTIN,3000.0,32.679640138227136,6.172051249799235,0.0002614584074319559,-0.0005437542643494128,2829.0999999999995,2829.0999999999995,343920145.0,343920145.0,4070693297.3643003,278405127.2829809,112233892.18002313,5631581.981933951
2019,generation_storage,AUSTIN,5000.0,22.70399880628022,2.069184128287752,2.927773205129759e-06,-5.794520037332144e-07,113.19999999999999,113.19999999999999,9268502.0,9268502.0,3376364959.4775186,449208947.02534723,106231205.12245087,10964881.883249447
2020,generation_storage,AUSTIN,5000.0,24.51174768572092,5.246888716662301,4.2419424669986625e-06,2.1664060685823992e-07,334.09999999999997,334.09999999999997,27926978.0,27926978.0,3105555414.873189,419193886.4346504,103904642.87333117,10690459.244014055
2021,generation_storage,AUSTIN,5000.0,41.165152548177645,3.7030591660569385,5.672637651365512e-06,-7.182999944481755e-07,148.6,148.6,12169960.0,12169960.0,5362211169.167497,820553944.8527212,113286910.25360505,9167362.189815432
2022,generation_storage,AUSTIN,5000.0,69.38919629057145,8.764881741054538,0.002321883329701587,0.0010320021646269234,1729.8000000000002,1729.8000000000002,173371549.0,173371549.0,8404719200.1115,1227269119.4789782,117418430.9766835,8442938.369285569
2023,generation_storage,AUSTIN,5000.0,33.17444469716323,6.666855808735331,0.0013172183661190136,0.0005120056943376448,4892.1,4892.1,591221745.0,591221745.0,4261922292.3791165,469634122.2977972,115930899.07501557,9328588.876926392
2019,generation_storage,CHILDRESS,500.0,20.633968156860576,-0.0008465211318942067,6.161364712140392e-06,2.654139503277419e-06,2299.3,2299.3,284911514.0,284911514.0,2907396639.260219,-19759373.19195223,95321567.34717968,55244.10797825456
2020,generation_storage,CHILDRESS,500.0,19.347597969095336,0.08273900003671741,5.659822362064026e-06,1.6345205019236038e-06,1679.1999999999998,1679.1999999999998,186702525.0,186702525.0,2693876230.499133,7514702.060594559,93545593.78968479,331410.1603676677
2021,generation_storage,CHILDRESS,500.0,37.44833097518256,-0.013762406938148786,5.315113660183181e-06,-1.075823985630506e-06,3535.4,3535.4,455553898.0,455553898.0,4506596128.427477,-35061095.887298584,104036518.23670232,-83029.82708729804
2022,generation_storage,CHILDRESS,500.0,60.994894277282626,0.37057972776571546,0.0022250219804223342,0.0009351408153476706,452.1,452.1,56366863.0,56366863.0,7269406237.914619,91956157.28209782,109650432.65121935,674940.0438214242
2023,generation_storage,CHILDRESS,500.0,26.154780537095412,-0.352808351332488,0.0011794244349988174,0.0003742117632174487,2008.1,2008.1,207889273.0,207889273.0,3804378098.8931823,12089928.811862946,106938884.67775768,336574.47966849804
2019,generation_storage,CHILDRESS,1000.0,20.562404964655656,-0.07240971333681401,5.117808245244948e-06,1.6105830363819748e-06,10321.7,10321.7,1221234268.0,1221234268.0,2850552855.792398,-76603156.65977335,94931747.13866411,-334576.100537315
2020,generation_storage,CHILDRESS,1000.0,19.252746694447058,-0.01211227461156028,1.1963694623511077e-05,7.938392763370654e-06,7114.1,7114.1,777037421.0,777037421.0,2658792639.7157497,-27568888.72278881,93076779.34953323,-137404.27978388965
2021,generation_storage,CHILDRESS,1000.0,37.37565751551121,-0.08643586660949865,2958.163850306955,2958.163843916017,12939.9,12939.9,1438400795.0,1438400795.0,19249033192.165985,14707375967.85121,103793302.86898336,-326245.19480626285
2022,generation_storage,CHILDRESS,1000.0,60.45680099768576,-0.16751355183114924,0.0021614128071634673,0.0008715316420888036,7577.0,7577.0,797069571.0,797069571.0,7111859406.301222,-65590674.33129978,108752603.40958379,-222889.19781413674
2023,generation_storage,CHILDRESS,1000.0,26.021957880474595,-0.48563100795330527,0.00025727440738704444,-0.0005479382643943243,9847.1,9847.1,1009184069.0,1009184069.0,3759007068.8464317,-33281101.2348876,106376931.79287119,-225378.40521799028
2019,generation_storage,CHILDRESS,3000.0,20.698407594979315,0.06359291698684544,107937.25145730171,107937.25145379448,58730.7,58730.7,7753154621.0,7753154621.0,542533230743.1245,539606074730.67236,95450904.71937922,184581.48017778993
2020,generation_storage,CHILDRESS,3000.0,19.88151276931058,0.6166538002519601,0.0029032522956493113,0.0028992269937891707,120439.6,120439.6,16260500236.0,16260500236.0,2597028289.176657,-89333239.26188135,93200532.80509605,-13650.824221074581
2021,generation_storage,CHILDRESS,3000.0,37.92516904021449,0.4630756580937856,183591.9563635015,183591.95635711055,141481.9,141481.9,19156358480.0,19156358480.0,922448877596.5792,917907220372.2644,104477075.36495182,357527.3011621982
2022,generation_storage,CHILDRESS,3000.0,60.817620586485305,0.19330603696839432,17885.22224809674,17885.220958215574,131814.4,131814.4,17821026481.0,17821026481.0,96543659767.08244,89366209686.44992,109141936.98553683,166444.3781388998
2023,generation_storage,CHILDRESS,3000.0,26.492543428863122,-0.015045459564777985,381130.09582438046,381130.0950191678,66178.50000000001,66178.50000000001,8769487012.0,8769487012.0,1909395411679.1301,1905603123509.0488,107102287.79416643,499977.59607724845
2019,generation_storage,CHILDRESS,5000.0,21.17120962582258,0.5363949478301109,6382985.700301018,6382985.70029751,30988.2,30988.2,3906344961.0,3906344961.0,31917865566616.637,31914938410604.184,96216323.18523473,949999.946033299
2020,generation_storage,CHILDRESS,5000.0,19.9253031845168,0.6604442154581811,5942280.3784965575,5942280.378492532,32179.3,32179.3,4069323116.0,4069323116.0,29714097671833.07,29711411310304.633,94122856.56010754,908672.9307904243
2021,generation_storage,CHILDRESS,5000.0,38.1896978007591,0.7276044186383928,6925642.746638482,6925642.746632092,28431.4,28431.4,3538320940.0,3538320940.0,34632813924019.24,34628272266794.92,104781784.70695397,662236.6431643516
2022,generation_storage,CHILDRESS,5000.0,61.73564200552236,1.1113274560054478,5673680.683189392,5673680.681899511,52929.40000000001,52929.40000000001,6918799053.0,6918799053.0,28375717205080.047,28368539754999.414,110110649.92387557,1135157.3164776415
2023,generation_storage,CHILDRESS,5000.0,28.16561124527261,1.658022356844711,7201684.575454071,7201684.574648858,25698.0,25698.0,3153983764.0,3153983764.0,36012270253064.32,36008477964894.24,107745532.81857195,1143222.6204827726
2019,generation_storage,DFW_SOUTH,500.0,20.799339483692293,0.16452480569982342,2.887515115501201e-06,-6.197100933617723e-07,0.0,0.0,0.0,0.0,2968914023.6274977,41758011.17532635,96223747.38440312,957424.145201698
2020,generation_storage,DFW_SOUTH,500.0,19.471414559084316,0.20655559002569746,0.0005956907287734583,0.0005916654269133179,0.0,0.0,0.0,0.0,2725246288.5398774,38884760.10133886,94129183.659225,915000.0299078822
2021,generation_storage,DFW_SOUTH,500.0,37.7776539235327,0.3155605414119904,5.769786992465674e-06,-6.211506533480133e-07,0.0,0.0,0.0,0.0,4617854490.142073,76197265.82729721,104968675.71026587,849127.6464762539
2022,generation_storage,DFW_SOUTH,500.0,61.197077690644285,0.5727631411273748,0.0013331645037881353,4.328333871347163e-05,0.0,0.0,0.0,0.0,7302423691.630984,124973610.99846268,109852847.38747828,877354.7800803483
2023,generation_storage,DFW_SOUTH,500.0,32.587281932048114,6.079693043620214,0.001079578526859759,0.0002743658550783903,500.7,500.7,58487577.0,58487577.0,3842595295.5912595,50307125.50994015,107552066.26893395,949756.0708447695
2019,generation_storage,DFW_SOUTH,1000.0,20.95665925669546,0.32184457870299,2.878337294352729e-06,-6.288879145102442e-07,0.0,0.0,0.0,0.0,3011174329.331442,84018316.87927055,97209862.57870759,1943539.3395061642
2020,generation_storage,DFW_SOUTH,1000.0,19.715804912220584,0.45094594316196535,2.398645036196474e-06,-1.6266568239439485e-06,0.0,0.0,0.0,0.0,2764592904.227534,78231375.78899527,95046942.08220059,1832758.452883467
2021,generation_storage,DFW_SOUTH,1000.0,38.09160919427476,0.6295158121540538,5.551771753279128e-06,-8.39165892534559e-07,0.0,0.0,0.0,0.0,4694937150.241935,153279925.9271593,105820869.75169873,1701321.6879091114
2022,generation_storage,DFW_SOUTH,1000.0,61.79164936531684,1.1673348157999328,0.0015973615211895369,0.0003074803561148732,0.0,0.0,0.0,0.0,7429574295.993349,252124215.36082745,110740710.028121,1765217.4207230657
2023,generation_storage,DFW_SOUTH,1000.0,32.5675029262361,6.059914037808202,0.001243984027049333,0.00043877135526796437,1014.2,1014.2,126109882.0,126109882.0,3885117205.300812,92829035.21949244,108331237.81866796,1728927.6205787808
2019,generation_storage,DFW_SOUTH,3000.0,21.653669364819084,1.0188546868266144,2.903015262183634e-06,-6.042099466793394e-07,0.0,0.0,0.0,0.0,3187053491.0866537,259897478.63448238,101308163.68510613,6041840.445904702
2020,generation_storage,DFW_SOUTH,3000.0,21.232093169260885,1.9672342002022667,0.00036764116377861175,0.00036361586191847135,31.1,31.1,4298081.0,4298081.0,2927215691.7306333,240854163.2920947,98853195.986393,5639012.357075885
2021,generation_storage,DFW_SOUTH,3000.0,39.404437261570955,1.9423438794502488,0.0012497214857851856,0.001243330548139372,0.0,0.0,0.0,0.0,5013049913.200185,471392688.88540936,109278745.18666428,5159197.122874662
2022,generation_storage,DFW_SOUTH,3000.0,66.62352911554181,5.999214566024904,0.001946828263745986,0.0006569470986713224,340.4,340.4,30317653.0,30317653.0,7949539489.430287,772089408.7977657,114277473.26258396,5301980.655186027
2023,generation_storage,DFW_SOUTH,3000.0,30.77410728774862,4.26651839932072,0.00033637072780377347,-0.00046884194397759526,3093.1,3093.1,400205014.0,400205014.0,4052668999.93954,260380829.85822058,111399616.8792418,4797306.681152612
2019,generation_storage,DFW_SOUTH,5000.0,25.557423481135753,4.922608803143284,4.857184211409286e-06,1.3499590025463125e-06,125.80000000000001,125.80000000000001,15618255.0,15618255.0,3374820666.8385634,447664654.3863921,105593230.3338677,10326907.094666272
2020,generation_storage,DFW_SOUTH,5000.0,23.91393477673127,4.649075807672652,0.001195429802214103,0.0011914045003539625,1396.7,1396.7,154668046.0,154668046.0,3080231908.3346562,393870379.8961177,102385551.83362994,9171368.204312816
2021,generation_storage,DFW_SOUTH,5000.0,43.13353119333257,5.671437811211867,0.0015959247880479987,0.001589533850402185,95.10000000000001,95.10000000000001,7797758.0,7797758.0,5352190508.811471,810533284.4966955,112871680.12256296,8752132.058773339
2022,generation_storage,DFW_SOUTH,5000.0,68.03074738245371,7.406432832936801,0.0018146336454263547,0.000524752480351691,2604.7999999999997,2604.7999999999997,309962393.0,309962393.0,8390109095.361264,1212659014.7287426,117371268.94115908,8395776.333761156
2023,generation_storage,DFW_SOUTH,5000.0,30.653113428752818,4.145524540324917,0.0013041555805742133,0.0004989429087928445,5194.299999999999,5194.299999999999,670549857.0,670549857.0,4224949318.819568,432661148.7382488,114565336.2988587,7963026.10076952
2019,generation_storage,HOUSTON,500.0,20.834355915673918,0.19954123768144783,3.2838210193491833e-06,-2.2340418951378997e-07,0.0,0.0,0.0,0.0,2970425049.307095,43269036.854923725,96273716.06556563,1007392.8263642043
2020,generation_storage,HOUSTON,500.0,19.40415703143901,0.13929806238039077,3.786935512703169e-06,-2.3836634743725378e-07,0.0,0.0,0.0,0.0,2726757767.1657495,40396238.727211,94165363.13939813,951179.5100810081
2021,generation_storage,HOUSTON,500.0,37.712123189713346,0.2500298075926395,5.2301346240473275e-06,-1.1608030217663596e-06,0.0,0.0,0.0,0.0,4619405594.498761,77748370.18398571,104982641.80127698,863093.7374873608
2022,generation_storage,HOUSTON,500.0,61.009373838085985,0.38505928856907445,0.0013939625202837773,0.00010408135520911365,0.0,0.0,0.0,0.0,7303906781.292693,126456700.66017151,109864171.89262436,888679.2852264345
2023,generation_storage,HOUSTON,500.0,32.52395591799106,6.01636702956316,0.0006973523874897224,-0.00010786028429164631,474.1,474.1,61973898.0,61973898.0,3834886333.861612,42598163.78029251,107371556.43727373,769246.2391845435
2019,generation_storage,HOUSTON,1000.0,21.00932889694021,0.3745142189477413,3.2038465653164447e-06,-3.033786435465286e-07,0.0,0.0,0.0,0.0,3014679741.8562393,87523729.404068,97276459.84408706,2010136.6048856378
2020,generation_storage,HOUSTON,1000.0,19.549632295288983,0.2847733262303649,4.85121825779006e-06,8.259163976496371e-07,0.0,0.0,0.0,0.0,2767947197.251311,81585668.81277227,95140732.57668078,1926548.9473636597
2021,generation_storage,HOUSTON,1000.0,38.02449831094984,0.5624049288291317,5.97999631374183e-06,-4.1094133207185737e-07,0.0,0.0,0.0,0.0,4698231749.133934,156574524.81915855,105855099.41026048,1735551.3464708626
2022,generation_storage,HOUSTON,1000.0,61.41561742404333,0.7913028745264228,0.0018398388739488216,0.000549957708874158,0.0,0.0,0.0,0.0,7431674596.194946,254224515.56242466,110752859.02284214,1777366.4154442102
2023,generation_storage,HOUSTON,1000.0,32.51121639604121,6.003627507613313,0.001014312427446943,0.0002090997556655742,950.1,950.1,124177497.0,124177497.0,3878620864.430266,86332694.34894657,108180223.63101555,1577913.4329263717
2019,generation_storage,HOUSTON,3000.0,21.697538171528816,1.062723493536346,3.1608515350659108e-06,-3.4637367379706254e-07,0.0,0.0,0.0,0.0,3202212731.6560483,275056719.203877,101370808.75539431,6104485.516192883
2020,generation_storage,HOUSTON,3000.0,20.433782294453724,1.168923325395106,0.00041530963537959013,0.00041128433351944973,0.0,0.0,0.0,0.0,2944344511.2237105,257982982.785172,99159590.04630546,5945406.416988343
2021,generation_storage,HOUSTON,3000.0,39.121879947470525,1.659786565349819,5.868930616821973e-06,-5.220070289917137e-07,0.0,0.0,0.0,0.0,5025131394.830531,483474170.51575565,109456074.31995392,5336526.256164297
2022,generation_storage,HOUSTON,3000.0,63.495562716883384,2.871248167366474,0.0018249102330866198,0.0005350290680119561,0.0,0.0,0.0,0.0,7961888993.031035,784438912.3985138,114417527.94321224,5442035.335814312
2023,generation_storage,HOUSTON,3000.0,32.56940050756062,6.0618116191327225,0.0010314435702896353,0.0002262308985082666,2897.9,2897.9,374480405.0,374480405.0,4058081392.5010295,265793222.41971016,111426744.26655027,4824434.06846109
2019,generation_storage,HOUSTON,5000.0,25.296908566595285,4.662093888602815,2.8489217289755727e-06,-6.583034798874006e-07,893.5,893.5,117437489.0,117437489.0,3382091029.472696,454935017.0205245,105030090.63917232,9763767.39997089
2020,generation_storage,HOUSTON,5000.0,24.42936611036387,5.164507141305251,0.0008775846426271283,0.0008735593407669879,1302.6,1302.6,153841444.0,153841444.0,3109833668.6300445,423472140.1915059,102880756.56913057,9666572.93981345
2021,generation_storage,HOUSTON,5000.0,40.954454247040324,3.4923608649196183,0.0014150148178946266,0.001408623880248813,0.0,0.0,0.0,0.0,5380107035.131759,838449810.8169832,113314803.73778665,9195255.67399703
2022,generation_storage,HOUSTON,5000.0,68.88786424118014,8.26354969166323,0.00014361994867144348,-0.0011462612164032202,1211.4,1211.4,99208542.0,99208542.0,8452438296.073369,1274988215.4408474,117767562.58605003,8792069.978652105
2023,generation_storage,HOUSTON,5000.0,32.65086031033913,6.143271421911226,4.262643639329967e-06,-0.0008009500281420388,4952.4,4952.4,639225008.0,639225008.0,4231178880.265878,438890710.18455887,114747310.4136937,8145000.215604514
2019,generation_storage,TOLAR,500.0,20.796485087222297,0.16167040922982778,2.9649813857047917e-06,-5.422438231581816e-07,0.0,0.0,0.0,0.0,2968767274.022876,41611261.57070446,96218348.2854809,952025.0462794751
2020,generation_storage,TOLAR,500.0,19.46901751757631,0.2041585485176931,3.889057108291821e-06,-1.3624475184860153e-07,0.0,0.0,0.0,0.0,2725104073.816072,38742545.377533436,94125295.0371575,911111.407840386
2021,generation_storage,TOLAR,500.0,37.7747881140381,0.3126947319173965,6.730243987468879e-06,3.3930634165519216e-07,0.0,0.0,0.0,0.0,4617658179.335475,76000955.0206995,104966615.86829597,847067.8045063466
2022,generation_storage,TOLAR,500.0,61.140204298972414,0.5158897494555035,0.0014096629637314186,0.00011978179865675489,0.0,0.0,0.0,0.0,7301406054.659922,123955974.02740002,109845092.48465434,869599.8772564083
2023,generation_storage,TOLAR,500.0,32.57698752429128,6.069398635863383,0.000801742404419502,-3.4702673618666876e-06,458.0,458.0,57506282.0,57506282.0,3836193901.8869095,43905731.80559015,107398267.74818826,795957.5500990748
2019,generation_storage,TOLAR,1000.0,20.952093900749745,0.31727922275727494,2.961092126090604e-06,-5.461330827723692e-07,0.0,0.0,0.0,0.0,3010777946.744568,83621934.29239655,97194913.08467735,1928589.845475927
2020,generation_storage,TOLAR,1000.0,19.711394723944323,0.44653575488570496,2.099182800253278e-06,-1.9261190598871445e-06,0.0,0.0,0.0,0.0,2764305935.21066,77944406.77212143,95040393.42810617,1826209.7987890542
2021,generation_storage,TOLAR,1000.0,38.0802390635555,0.6181456814347968,0.0002732512159099475,0.0002668602782641338,0.0,0.0,0.0,0.0,4694529865.836842,152872641.52206612,105816365.16781674,1696817.1040271223
2022,generation_storage,TOLAR,1000.0,61.55557917696491,0.9312646274480016,1.1929102340255765e-05,-0.001277952062734408,0.0,0.0,0.0,0.0,7427046879.448733,249596798.8162117,110722659.03177033,1747166.4243724048
2023,generation_storage,TOLAR,1000.0,32.69957757378087,6.191988685352971,0.0007005614426650742,-0.0001046512291162945,917.3000000000001,917.3000000000001,114078292.0,114078292.0,3881904221.662291,89616051.58097172,108239230.73623706,1636920.5381478816
2019,generation_storage,TOLAR,3000.0,21.575318334116247,0.9405036561237772,4.221385656199432e-06,7.141604473364585e-07,0.0,0.0,0.0,0.0,3182490995.5330477,255334983.08087635,101170232.48642485,5903909.247223422
2020,generation_storage,TOLAR,3000.0,20.859665925899513,1.5948069568408947,2.2408567601319307e-06,-1.7844451000084919e-06,26.5,26.5,3651866.0,3651866.0,2924761155.3314967,238399626.89295816,98814954.3445925,5600770.715275377
2021,generation_storage,TOLAR,3000.0,39.26492574248432,1.8028323603636167,0.0009721077966957849,0.0009657168590499713,0.0,0.0,0.0,0.0,5009371119.051182,467713894.7364063,109257965.18018518,5138417.116395563
2022,generation_storage,TOLAR,3000.0,64.58562926362367,3.961314714106763,0.00220514375773789,0.0009152625926632262,117.5,117.5,9622403.0,9622403.0,7944372373.439765,766922292.8072433,114263106.82648852,5287614.219090596
2023,generation_storage,TOLAR,3000.0,32.913272073453804,6.405683185025904,7.3710961556836235e-06,-0.0007978415756256851,2769.3999999999996,2769.3999999999996,348952669.0,348952669.0,4059808733.3748093,267520563.29348993,111562418.66475576,4960108.466666579
2019,generation_storage,TOLAR,5000.0,22.885813130711647,2.250998452719177,2.5527425722336727e-06,-9.544826366293006e-07,30.700000000000003,30.700000000000003,2510785.0,2510785.0,3360111882.191254,432955869.7390828,105258293.27882065,9991970.039619222
2020,generation_storage,TOLAR,5000.0,23.845537352692958,4.580678383634339,0.000556998493556549,0.0005529731916964085,662.7,662.7,58251312.0,58251312.0,3078774391.757068,392412863.3185296,102451366.72447154,9237183.09515442
2021,generation_storage,TOLAR,5000.0,41.16903031829218,3.7069369361714735,1.75135991149588e-05,1.1122661469145111e-05,23.7,23.7,1944308.0,1944308.0,5336749710.988202,795092486.6734266,112783462.07386698,8663914.010077357
2022,generation_storage,TOLAR,5000.0,70.70774095811173,10.083426408594818,0.000624848141536032,-0.0006650330235386316,3124.3999999999996,3124.3999999999996,294827436.0,294827436.0,8307404227.839328,1129954147.2068062,116782702.79674417,7807210.189346239
2023,generation_storage,TOLAR,5000.0,33.160798260402935,6.653209371975034,0.0002417498380650522,-0.0005634628337163165,4670.4,4670.4,594100409.0,594100409.0,4235263239.434964,442975069.35364485,114785461.61624548,8183151.418156296
2019,generation_tx,ABILENE,500.0,20.793926199565863,0.15928438408502998,2.5250638989371813e-06,-3.625872390688223e-05,101.70000000000003,101.70000000000003,530911.0,530911.0,2968016902.2083073,40861129.67290449,96205542.15125759,939225.7328874618
2020,generation_tx,ABILENE,500.0,19.415955687237386,0.14897506779742287,2.2511890140251987e-06,-0.000203921673349602,156.69999999999996,156.69999999999996,861039.0,861039.0,2723641665.291441,37279717.67732525,94088070.87063916,873899.9893764853
2021,generation_tx,ABILENE,500.0,37.768417392897945,0.30971388201243855,0.0009221224111589301,0.0009179640594743811,252.5,153.60000000000002,1446992.0,922128.0,4611953386.795746,70873418.86755466,104907181.72391345,796339.8138980567
2022,generation_tx,ABILENE,500.0,61.08443217338377,0.46265056259596093,0.001521975515142274,-2.263991830491266e-05,608.6,607.1,3287141.0,3278938.0,7291404585.419681,113971733.79459476,109771297.14412896,795950.1323318928
2023,generation_tx,ABILENE,500.0,32.52552929582295,5.998741827355076,0.001307327460477062,0.0002786359319064656,697.9,697.8,60903277.0,60902474.0,3829379517.9788637,37094291.925551414,107251519.08760825,649284.3524193466
2019,generation_tx,ABILENE,1000.0,20.947318901827153,0.3126770863463193,2.5260104944863725e-06,-3.625777731133304e-05,206.5,206.5,1120638.0,1120638.0,3009629478.0181108,82473705.48270798,97172004.43805005,1905688.019679919
2020,generation_tx,ABILENE,1000.0,19.564206950814114,0.29722633137415144,2.0090931452050556e-06,-0.00020416376921842213,333.09999999999997,333.09999999999997,1886454.0,1886454.0,2761673221.8559237,75311274.24180794,94985048.23390207,1770877.352639392
2021,generation_tx,ABILENE,1000.0,38.05269553085164,0.5939920199661373,2.7825293362872493e-05,2.3666941678323467e-05,561.9000000000001,463.0000000000001,3224380.0,2699516.0,4683940903.185783,142860935.2575922,105711080.6333608,1600238.7233454138
2022,generation_tx,ABILENE,1000.0,61.50125471126167,0.8794731004738665,0.001742221155370398,0.00019760572192321132,1059.2,1057.7,5638321.0,5630118.0,7408747525.411797,231314673.78671074,110588124.09953071,1612777.0877336413
2023,generation_tx,ABILENE,1000.0,32.52653148822287,5.999744019754999,0.0018627706418027016,0.0008340791132321053,1380.1999999999998,1380.1,123403313.0,123402510.0,3867409122.5259285,75123896.4726162,107922838.7109332,1320603.9757442921
2019,generation_tx,ABILENE,3000.0,21.52231683904715,0.8876750235663167,1.7378503301624185e-05,-2.1405284504195226e-05,1021.5999999999999,1021.5999999999999,5295090.0,5295090.0,3180167239.9316278,253011467.39622498,101121095.47209097,5854779.053720847
2020,generation_tx,ABILENE,3000.0,20.128448950302193,0.8614683308622304,1.654254460635596e-06,-0.00020451860790299159,1295.5,1295.5,6897770.0,6897770.0,2919496694.5271807,233134746.91306496,98702165.33925605,5487994.457993373
2021,generation_tx,ABILENE,3000.0,39.25397638790438,1.7952728770188742,9.33115450135379e-05,8.915319332898888e-05,2002.4999999999998,1903.5999999999997,10817193.0,10292329.0,4986327489.205199,445247521.27700806,109061670.20883313,4950828.298817739
2022,generation_tx,ABILENE,3000.0,63.578441807150895,2.9566601963630887,0.0016162192651849887,7.160383173780206e-05,3215.9000000000005,3214.4000000000005,16903989.0,16895786.0,7898096609.228938,720663757.6038523,113980265.37706919,5004918.36527212
2023,generation_tx,ABILENE,3000.0,32.56424110847555,6.037453640007676,0.0008520920883786307,-0.0001765994401919656,4500.599999999999,4500.499999999999,375642319.0,375641516.0,4025727373.949564,233442147.89625168,110739689.13692482,4137454.4017359167
2019,generation_tx,ABILENE,5000.0,22.151902348247138,1.5172605327663042,0.0005199805077829309,0.0004811967199771115,2485.9,2485.9,12467537.0,12467537.0,3357040979.5313754,429885206.99597263,105166398.70747705,9900082.28910692
2020,generation_tx,ABILENE,5000.0,21.18646320613093,1.9194825866909682,1.787435282885603e-06,-0.00020438542708074158,2909.7999999999997,2909.7999999999997,15612812.0,15612812.0,3083693480.4864655,397331532.87234974,102567515.0710016,9353344.18973893
2021,generation_tx,ABILENE,5000.0,40.36595236410604,2.907248853220537,2.1462985402940857e-05,1.730463371839183e-05,3960.1,3861.2,21514861.0,20989997.0,5304660176.5528555,763580208.6246643,112547017.11197643,8436175.20196104
2022,generation_tx,ABILENE,5000.0,68.87115928825588,8.249377677468075,0.0020600854961404873,0.0005154700626933007,6474.7,6473.2,103122546.0,103114343.0,8359545313.1673155,1182112461.5422297,117170522.8395681,8195175.827771023
2023,generation_tx,ABILENE,5000.0,32.649564241015895,6.122776772548022,0.0006714378214732889,-0.00035725370709730744,8512.0,8511.9,632653222.0,632652419.0,4188202737.911133,395917511.8578205,113633887.70424119,7031652.969052285
2019,generation_tx,AUSTIN,500.0,20.78992251876345,0.15528070328261734,6.944366438028028e-06,-3.1839421367791385e-05,51.3,51.3,288481.0,288481.0,2968860348.246933,41704575.71153021,96241717.04784547,975400.6294753402
2020,generation_tx,AUSTIN,500.0,19.3907507435666,0.12377012412663646,3.9562060718535644e-06,-0.00020221665629177363,46.5,46.5,254428.0,254428.0,2725305892.3411865,38943944.72707081,94141421.59828909,927250.7170264125
2021,generation_tx,AUSTIN,500.0,37.75420055463233,0.2954970437468205,0.0008529541087767443,0.0008487957570921953,196.10000000000002,97.20000000000003,1061234.0,536370.0,4616591584.535219,75511616.60702801,104969168.25771071,858326.3476953208
2022,generation_tx,AUSTIN,500.0,61.08109420535501,0.4593125945672014,0.0013959823265114264,-0.00014863310693576017,304.9,303.4,2141610.0,2133407.0,7299783278.956274,122350427.3311882,109846042.31187072,870695.3000736535
2023,generation_tx,AUSTIN,500.0,32.53075008558295,6.003962617115079,0.0006893063604984942,-0.0003393851680721021,549.8000000000001,549.7,58825652.0,58824849.0,3833410135.7430944,41124909.68978214,107350381.47319065,748146.7380017489
2019,generation_tx,AUSTIN,1000.0,20.942060224907934,0.3074184094271004,2.4070440608201593e-06,-3.6376743744999255e-05,90.1,90.1,503378.0,503378.0,3010996769.3246007,83840996.78919792,97234024.727268,1967708.3088978678
2020,generation_tx,AUSTIN,1000.0,19.51965049967234,0.2526698802323786,0.0005280088033593144,0.00032183594099568716,100.4,100.4,567811.0,567811.0,2764515851.8301263,78153904.21601057,95072547.30059695,1858376.4193342775
2021,generation_tx,AUSTIN,1000.0,38.0290210543063,0.5703175434207921,1.4420261355725708e-05,1.0261909671176682e-05,340.5,241.60000000000002,1840309.0,1315445.0,4692553928.232153,151473960.30396175,105822927.582043,1712085.6720276177
2022,generation_tx,AUSTIN,1000.0,61.4999283168981,0.878146706110293,0.0010229516003846062,-0.0005216638330625804,529.2000000000002,527.7000000000002,3659326.0,3651123.0,7423814892.72249,246382041.09740448,110723703.23909704,1748356.2272999734
2023,generation_tx,AUSTIN,1000.0,32.51797785403409,5.99119038556622,0.0010952051437493285,6.65136151787322e-05,1167.0,1166.9,119600301.0,119599498.0,3874106704.7087317,81821478.65541935,108083679.82631785,1481445.0911289454
2019,generation_tx,AUSTIN,3000.0,21.485794647026065,0.8511528315452317,5.255094444333891e-06,-3.352869336148552e-05,248.39999999999998,248.39999999999998,1405714.0,1405714.0,3183003086.678895,255847314.14349222,101245381.52872308,5979065.110352948
2020,generation_tx,AUSTIN,3000.0,20.067608151554335,0.8006275321143725,7.754195611270895e-06,-0.0001984186667523563,313.2,313.2,1909964.0,1909964.0,2924339083.4473195,237977135.8332038,98883233.54591234,5669062.664649665
2021,generation_tx,AUSTIN,3000.0,39.15285524864149,1.6941517377559805,3.333604828363624e-05,2.9177696599087212e-05,833.9000000000001,735.0000000000001,4616356.0,4091492.0,5003048647.340861,461968679.41267014,109264496.29207787,5153654.38206248
2022,generation_tx,AUSTIN,3000.0,63.50693135278499,2.885149741997182,0.0016068461150748968,6.223068162771015e-05,1428.4,1426.9,9456881.0,9448678.0,7931610537.741676,754177686.1165905,114282781.38270873,5307434.370911658
2023,generation_tx,AUSTIN,3000.0,32.586960955819464,6.060173487351591,0.000926928081511603,-0.00010176344705899339,3363.9999999999995,3363.8999999999996,358861519.0,358860716.0,4043236659.366773,250951433.31346083,111253027.27056782,4650792.535378918
2019,generation_tx,AUSTIN,5000.0,22.08656206516862,1.451920249687788,3.313124438731279e-06,-3.547066336708813e-05,674.1999999999998,674.1999999999998,3579004.0,3579004.0,3360425294.1116714,433269521.5762687,105315725.07261942,10049408.654249296
2020,generation_tx,AUSTIN,5000.0,21.03756164179211,1.7705810223521468,5.453856476529898e-06,-0.0002007190058870973,690.9999999999999,690.9999999999999,4434050.0,4434050.0,3089849265.4020667,403487317.787951,102838222.03534465,9624051.15408197
2021,generation_tx,AUSTIN,5000.0,40.18299702432952,2.7242935134440103,0.00025382698411343475,0.0002496686324288857,1164.6000000000001,1065.7,6529008.0,6004144.0,5325081907.643678,784001939.7154865,112821265.00063418,8710423.09061879
2022,generation_tx,AUSTIN,5000.0,69.92654225439266,9.304760643604851,0.0022670842042360998,0.0007224687707889131,3351.5000000000005,3350.0000000000005,75649891.0,75641688.0,8416553095.586926,1239120243.9618406,117624202.74026476,8648855.728467688
2023,generation_tx,AUSTIN,5000.0,32.747481462666656,6.220693994198783,0.0006553343772716687,-0.00037335715129892765,6234.8,6234.7,597303804.0,597303001.0,4217947342.2308145,425662116.17750216,114634996.23078088,8032761.495591983
2019,generation_tx,CHILDRESS,500.0,20.795844375215747,0.16120255973491382,4.074869648412288e-06,-3.4708918157407126e-05,437.8,437.8,2393349.0,2393349.0,2966309156.072325,39153383.536922455,96165245.5696345,898929.1512643695
2020,generation_tx,CHILDRESS,500.0,19.401941820082076,0.13496120064211325,5.749884996784087e-05,-0.00014867401239578634,477.7,477.7,2577032.0,2577032.0,2721020231.1651883,34658283.5510726,94028925.06536865,814754.1841059774
2021,generation_tx,CHILDRESS,500.0,37.734513044215845,0.27580953333033875,3.733042926586511e-05,3.317207758131609e-05,576.6,477.70000000000005,3166179.0,2641315.0,4610013711.7916565,68933743.86346531,104880915.82306926,770073.9130538702
2022,generation_tx,CHILDRESS,500.0,61.05658919769768,0.4348075869098764,0.0015175271616644668,-2.7088271782719792e-05,619.8000000000001,618.3000000000001,3164371.0,3156168.0,7289546354.699102,112113503.07401657,109751995.0582209,776648.0464238226
2023,generation_tx,CHILDRESS,500.0,32.503264348809374,5.976476880341501,0.0006773897828509078,-0.0003513017457196885,1171.7999999999997,1171.6999999999998,64879031.0,64878228.0,3825961633.2420244,33676407.18871212,107187005.82322979,584771.0880408883
2019,generation_tx,CHILDRESS,1000.0,20.955976988754227,0.32133517327339334,2.4864866037961327e-06,-3.629730120202328e-05,1574.4,1574.4,8354685.0,8354685.0,3007456676.7970004,80300904.26159763,97116490.12774843,1850173.709378302
2020,generation_tx,CHILDRESS,1000.0,19.553829045498933,0.2868484260589703,1.9105055887706307e-06,-0.00020426235677485657,1444.1,1444.1,7689896.0,7689896.0,2758228655.530334,71866707.91621828,94900674.73405294,1686503.8527902663
2021,generation_tx,CHILDRESS,1000.0,38.006587397124065,0.5478838862385587,4.216813505549532e-06,5.846182100050721e-08,1554.8999999999999,1455.9999999999998,8384687.0,7859823.0,4681954141.16712,140874173.2389288,105684335.98082182,1573494.0708064288
2022,generation_tx,CHILDRESS,1000.0,61.470094753375754,0.8483131425879478,0.0016833591369673838,0.00013874370352019716,1540.6999999999998,1539.1999999999998,8183460.0,8175257.0,7406677104.948553,229244253.32346725,110567881.29209667,1592534.280299604
2023,generation_tx,CHILDRESS,1000.0,32.48461224547767,5.957824777009797,0.0005995061321983548,-0.00042918539637224157,2692.899999999999,2692.7999999999993,133293251.0,133292448.0,3862525756.397548,70240530.3442359,107832942.94529867,1230708.2101097703
2019,generation_tx,CHILDRESS,3000.0,21.51996699343836,0.885325177957526,2.2227280711254958e-06,-3.6561059734693914e-05,9018.599999999999,9018.599999999999,48894247.0,48894247.0,3178899837.635772,251744065.10036945,101121747.86128415,5855431.442914024
2020,generation_tx,CHILDRESS,3000.0,20.129894474913222,0.8629138554732592,1.7484336026126227e-06,-0.00020442442876101457,9330.0,9330.0,51129202.0,51129202.0,2915180056.152646,228818108.53853035,98604390.96683899,5390220.085576311
2021,generation_tx,CHILDRESS,3000.0,39.216466834408834,1.7577633235233279,2.8071039062002865e-05,2.391268737745384e-05,9635.600000000002,9536.700000000003,52745993.0,52221129.0,4983207572.413693,442127604.48550224,109017647.3405612,4906805.430545807
2022,generation_tx,CHILDRESS,3000.0,63.60105381070938,2.9792721999215743,0.001295088066615304,-0.0002495273668318826,8964.8,8963.3,49290565.0,49282362.0,7896673798.070214,719240946.4451284,113966082.01224051,4990735.000443444
2023,generation_tx,CHILDRESS,3000.0,32.35618527685048,5.829397808382609,0.0018444735210270576,0.0008157819924564612,12738.4,12738.3,429660097.0,429659294.0,4017051517.5424976,224766291.48918533,110570846.07590361,3968611.340714708
2019,generation_tx,CHILDRESS,5000.0,22.13667187062957,1.5020300551487367,2.426894208039406e-06,-3.635689359778e-05,18885.300000000003,18885.300000000003,103464338.0,103464338.0,3355228783.424449,428073010.8890462,105162733.2734317,9896416.855061576
2020,generation_tx,CHILDRESS,5000.0,23.991255789170705,4.724275169730742,0.0014707970884937133,0.001264624226130086,19445.799999999996,19445.799999999996,114513117.0,114513117.0,3076872124.5857534,390510176.9716377,102400638.17390335,9186467.292640671
2021,generation_tx,CHILDRESS,5000.0,40.34724871678884,2.888545205903334,0.001724681218231454,0.001720522866546905,20039.8,19940.899999999998,110628731.0,110103867.0,5299816241.071617,758736273.143426,112493186.14310385,8382344.233088464
2022,generation_tx,CHILDRESS,5000.0,68.72622533062554,8.104443719837732,0.002896768714791452,0.0013521532813442652,19587.499999999996,19585.999999999996,196595157.0,196586954.0,8339024407.341865,1161591555.7167788,117022908.71562736,8047561.703830287
2023,generation_tx,CHILDRESS,5000.0,32.39302577211902,5.866238303651144,0.0012068571603483702,0.00017816563177777385,24944.7,24944.600000000002,734036076.0,734035273.0,4182412981.3227305,390127755.26941824,113548926.87869957,6946692.1435106695
2019,generation_tx,DFW_SOUTH,500.0,20.791139016542132,0.15649720106129905,3.4339898338891287e-06,-3.534979797193028e-05,32.7,32.7,177860.0,177860.0,2968731022.577159,41575250.04175615,96221814.61632584,955498.1979557127
2020,generation_tx,DFW_SOUTH,500.0,19.403499120013233,0.13651850057327053,1.8650560019332949e-06,-0.0002043078063616939,30.499999999999996,30.499999999999996,178000.0,178000.0,2725052011.726344,38690064.11222839,94123442.10855159,909271.2272889167
2021,generation_tx,DFW_SOUTH,500.0,37.76274590076324,0.30404238987773624,2.018589602672348e-05,1.6027544342174455e-05,84.39999999999999,-14.5,535696.0,10832.0,4617272947.512629,76192979.58443737,104965412.90989378,854570.9998783916
2022,generation_tx,DFW_SOUTH,500.0,61.119000985568626,0.4972193747808191,0.0015492359769272244,4.620543480037768e-06,440.40000000000003,438.90000000000003,3042390.0,3034187.0,7299081698.5755415,121648846.95045567,109831794.14050645,856447.1287093759
2023,generation_tx,DFW_SOUTH,500.0,32.5431121123799,6.016324643912029,0.001514194246128476,0.0004855027175578797,585.3,585.1999999999999,60342643.0,60341840.0,3833225339.775765,40940113.72245264,107331244.95914498,729010.2239560783
2019,generation_tx,DFW_SOUTH,1000.0,20.943642572295392,0.30900075681455874,6.4752976818831555e-06,-3.230849012393626e-05,66.30000000000001,66.30000000000001,366321.0,366321.0,3010781109.2046366,83625336.6692338,97199346.50126442,1933030.0828942955
2020,generation_tx,DFW_SOUTH,1000.0,19.551741258411994,0.2847606389720312,3.3640570587146057e-06,-0.00020280880530491258,81.4,81.4,495922.0,495922.0,2763990135.909216,77628188.29510021,95034800.25253128,1820629.3712686002
2021,generation_tx,DFW_SOUTH,1000.0,38.059925706653324,0.6012221957678179,4.192906650024483e-06,3.455496547545787e-08,127.7,28.80000000000001,825668.0,300804.0,4694016836.864111,152936868.93591976,105816442.69224085,1705600.7822254598
2022,generation_tx,DFW_SOUTH,1000.0,61.54621394344387,0.9244323326560604,0.0016583438095824623,0.00011372837613527571,929.7,928.2,6267846.0,6259643.0,7421720371.920335,244287520.295249,110692079.37844405,1716732.3666469753
2023,generation_tx,DFW_SOUTH,1000.0,32.544816102017755,6.018028633549882,0.0013738324919245893,0.000345140963353993,1160.6999999999998,1160.6,122366860.0,122366057.0,3873957178.769287,81671952.71597481,108053516.71407238,1451281.978883475
2019,generation_tx,DFW_SOUTH,3000.0,21.51962528674364,0.8849834712628066,4.462076774697016e-05,5.83697994115075e-06,289.7,289.7,1490753.0,1490753.0,3182227454.8479176,255071682.31251478,101159077.84067728,5892761.422307149
2020,generation_tx,DFW_SOUTH,3000.0,20.107753900649328,0.8407732812093656,2.5560081899308394e-06,-0.00020361685417369634,344.7,344.7,2046158.0,2046158.0,2923479637.358872,237117689.74475622,98795583.06123799,5581412.179975316
2021,generation_tx,DFW_SOUTH,3000.0,39.227007501495805,1.768303990610299,3.6464627018001365e-05,3.230627533345234e-05,534.1999999999999,435.29999999999995,3106648.0,2581784.0,5007234752.776696,466154784.848505,109255783.74654679,5144941.836531401
2022,generation_tx,DFW_SOUTH,3000.0,63.622382951611606,3.000601340823799,0.00148726550272538,-5.734993072180664e-05,2203.6000000000004,2202.1000000000004,14508420.0,14500217.0,7928019110.376779,750586258.7516928,114192077.35213359,5216730.3403365165
2023,generation_tx,DFW_SOUTH,3000.0,32.55731304155936,6.030525573091488,0.0018711304716234804,0.0008424389430528841,3767.1000000000004,3767.0000000000005,371803262.0,371802459.0,4037226321.4821706,244941095.42885828,110955609.1499498,4353374.4147609025
2019,generation_tx,DFW_SOUTH,5000.0,22.139033425480555,1.5043916099997219,9.012380666987233e-05,5.134001886405292e-05,684.3,684.3,3462273.0,3462273.0,3359067135.3651767,431911362.8297739,105187184.45441613,9920868.036045998
2020,generation_tx,DFW_SOUTH,5000.0,21.224746765923683,1.9577661464837206,0.0003446777558679096,0.0001385048935042824,925.1999999999999,925.1999999999999,5600337.0,5600337.0,3088098109.5896754,401736161.9755597,102644015.57328331,9429844.69202064
2021,generation_tx,DFW_SOUTH,5000.0,40.27995520649092,2.8212516956054117,7.650174887257069e-06,3.4918232027080436e-06,1164.1000000000004,1065.2000000000003,6954604.0,6429740.0,5329257270.42085,788177302.4926586,112772637.86513916,8661795.955123767
2022,generation_tx,DFW_SOUTH,5000.0,68.87012828022011,8.248346669432308,0.0016560431005355214,0.00011142766708833476,5150.200000000001,5148.700000000001,99388253.0,99380050.0,8394089516.8536215,1216656665.2285357,117400831.93986776,8425484.928070694
2023,generation_tx,DFW_SOUTH,5000.0,32.4456071765077,5.918819708039827,0.0006705357768932859,-0.00035815575167731043,7227.3,7227.2,621419641.0,621418838.0,4204342509.913599,412057283.8602867,113981639.84892882,7379405.113739923
2019,generation_tx,HOUSTON,500.0,20.786883489424884,0.15224167394405086,2.4719060478281755e-06,-3.631188175799123e-05,275.70000000000005,275.70000000000005,1165919.0,1165919.0,2968984148.6411867,41828376.10578394,96239769.33454573,973452.9161756039
2020,generation_tx,HOUSTON,500.0,19.380706598347523,0.11372597890755998,1.6833891364109486e-05,-0.0001893389709995177,227.3,227.3,965601.0,965601.0,2725604102.548311,39242154.93419552,94140724.8176852,926553.9364225268
2021,generation_tx,HOUSTON,500.0,37.6997443405285,0.24104082964299067,7.467391608804697e-06,3.3090399242556722e-06,228.5,129.60000000000002,1171305.0,646441.0,4618069373.480625,76989405.55243397,104967295.74620752,856453.836192131
2022,generation_tx,HOUSTON,500.0,61.04542346296829,0.4236418521804808,0.0017022304324282804,0.00015761499898109374,343.90000000000003,342.40000000000003,1877143.0,1868940.0,7301862671.003532,124429819.37844658,109856383.7543994,881036.7426023334
2023,generation_tx,HOUSTON,500.0,32.508933700467196,5.982146231999323,0.0009176256622664937,-0.0001110658663041026,860.9,860.8,62301874.0,62301071.0,3833079725.2200403,40794499.16672802,107334725.33370075,732490.5985118449
2019,generation_tx,HOUSTON,1000.0,20.943235199731916,0.3085933842510826,2.477430402837825e-06,-3.630635740298159e-05,468.6,468.6,1956635.0,1956635.0,3011600674.6122084,84444902.07680559,97214897.15102775,1948580.7326576263
2020,generation_tx,HOUSTON,1000.0,19.516547084657116,0.24956646521715342,1.8320859054444145e-06,-0.00020434077645818278,466.2,466.2,1982678.0,1982678.0,2765129938.666819,78767991.05270338,95065840.33031999,1851669.4490573108
2021,generation_tx,HOUSTON,1000.0,37.985827623732284,0.5271241128467778,4.1451456989839904e-06,-1.3205985565034653e-08,512.5000000000001,413.60000000000014,2504035.0,1979171.0,4694993821.519489,153913853.5912981,105819151.5583164,1708309.6483010054
2022,generation_tx,HOUSTON,1000.0,61.42095203525958,0.7991704244717752,0.001675980033131591,0.00013136459968440448,654.3000000000001,652.8000000000001,3530332.0,3522129.0,7427416828.288745,249983976.6636591,110737997.03761156,1762650.0258144885
2023,generation_tx,HOUSTON,1000.0,32.46309861791247,5.936311149444599,0.0006881860889626076,-0.00034050543960798874,1705.3999999999996,1705.2999999999997,126211726.0,126210923.0,3873856192.6347623,81570966.58144999,108067450.23889706,1465215.503708154
2019,generation_tx,HOUSTON,3000.0,21.506922872845745,0.872281057364912,2.5002727149927314e-06,-3.628351509082668e-05,1564.1,1564.1,6753161.0,6753161.0,3184236631.3656063,257080858.83020353,101191802.7244489,5925486.306078777
2020,generation_tx,HOUSTON,3000.0,20.031624561784458,0.7646439423444953,0.0002908957087703853,8.472284640675812e-05,1514.9,1514.9,6588505.0,6588505.0,2926084938.3115396,239722990.69742393,98872555.4503788,5658384.5691161305
2021,generation_tx,HOUSTON,3000.0,39.07533219956077,1.616628688675263,6.9397693190200774e-06,2.7814176344710524e-06,1813.1000000000001,1714.2,8673974.0,8149110.0,5008072710.69558,466992742.76738834,109306008.12396084,5195166.213945448
2022,generation_tx,HOUSTON,3000.0,63.38973371130253,2.7679521005147265,0.0014994956309479519,-4.511980249923475e-05,1598.9999999999998,1597.4999999999998,8416826.0,8408623.0,7942221803.733765,764788952.1086788,114310387.13725881,5335040.125461742
2023,generation_tx,HOUSTON,3000.0,32.4410900622188,5.914302593750925,0.0005872890902001457,-0.00044140243837045064,5208.9,5208.799999999999,382532534.0,382531731.0,4039429607.5751376,247144381.5218253,111054794.10683869,4452559.371649787
2019,generation_tx,HOUSTON,5000.0,22.10683139723284,1.472189581752005,5.130476329096631e-05,1.2520975485146898e-05,2831.5,2831.5,12620475.0,12620475.0,3362662131.959727,435506359.42432404,105213456.3711518,9947139.952781677
2020,generation_tx,HOUSTON,5000.0,21.222191003191444,1.9552103837514814,0.0004859714375825208,0.0002797985752188936,2904.0,2904.0,13588718.0,13588718.0,3092467174.160515,406105226.5463991,102778919.5442187,9564748.66295603
2021,generation_tx,HOUSTON,5000.0,40.13092151459377,2.6722180037082666,2.6999046388084028e-05,2.2840694703535002e-05,2604.4,2505.5,12628393.0,12103529.0,5334803908.512595,793723940.584404,112909382.82939193,8798540.919376537
2022,generation_tx,HOUSTON,5000.0,68.83234519965525,8.210563588867444,0.0026669487102709733,0.0011223332768237866,4980.5,4979.0,89747431.0,89739228.0,8417696707.908383,1240263856.2832975,117600709.058117,8625362.046319932
2023,generation_tx,HOUSTON,5000.0,32.65064969631233,6.123862227844455,0.0007050245130888718,-0.00032366701548172455,8639.2,8639.1,629032685.0,629031882.0,4220607212.0556993,428321986.00238705,114261525.55926621,7659290.824077308
2019,generation_tx,TOLAR,500.0,20.790809398265143,0.15616758278430964,7.598310146675158e-06,-3.118547765914425e-05,39.1,39.1,214356.0,214356.0,2968541741.982542,41385969.44713926,96214517.00246519,948200.5840950608
2020,generation_tx,TOLAR,500.0,19.401117352807848,0.13413673336788534,0.00022915563655464435,2.2982774191017153e-05,38.0,38.0,213907.0,213907.0,2724877242.971802,38515295.35768652,94117341.21169053,903170.3304278553
2021,generation_tx,TOLAR,500.0,37.7566054122202,0.2979019013346971,4.100464465362998e-06,-5.78872191860273e-08,70.89999999999999,-28.0,459687.0,-65177.0,4617152198.595841,76072230.66765022,104964953.45448166,854111.544466272
2022,generation_tx,TOLAR,500.0,61.09673427962642,0.4749526688386112,0.0013912766094967951,-0.00015333882395039146,402.80000000000007,401.30000000000007,3050405.0,3042202.0,7298217194.997302,120784343.37221622,109824677.3975491,849330.3857520223
2023,generation_tx,TOLAR,500.0,32.50984714882589,5.983059680358018,0.0015821422274566478,0.0005534506988860515,519.6,519.5,58734579.0,58733776.0,3833089743.5132294,40804517.45991707,107325818.33723366,723583.6020447612
2019,generation_tx,TOLAR,1000.0,20.938362456525898,0.30372064104506435,0.0007945345333841973,0.0007557507455783779,70.30000000000001,70.30000000000001,394408.0,394408.0,3010347883.9453034,83192111.40990067,97186232.6932063,1919916.2748361677
2020,generation_tx,TOLAR,1000.0,19.547044500014316,0.28006388057435316,0.0001052119504738545,-0.0001009609118897727,98.10000000000001,98.10000000000001,579122.0,579122.0,2763616206.470255,77254258.85613918,95023598.00654124,1809427.1252785623
2021,generation_tx,TOLAR,1000.0,38.04943466713534,0.5907311562498307,0.0014135595208503036,0.0014094011691657546,133.4,34.500000000000014,884435.0,359571.0,4693551483.110088,152471515.18189716,105810136.84762456,1699294.937609166
2022,generation_tx,TOLAR,1000.0,61.527360601271106,0.9055789904832992,0.002992010817371172,0.0014473953839239852,905.9,904.4,6828494.0,6820291.0,7419587687.679819,242154836.05473328,110676162.32273123,1700815.3109341562
2023,generation_tx,TOLAR,1000.0,32.51301611102769,5.986228642559816,0.001053467385059514,2.477585648891765e-05,1036.6999999999998,1036.6,119189110.0,119188307.0,3873877203.292329,81591977.23901653,108049916.45096062,1447681.7157717198
2019,generation_tx,TOLAR,3000.0,21.507251976318866,0.8726101608380326,2.193375505897785e-06,-3.659041229992163e-05,186.10000000000002,186.10000000000002,1065645.0,1065645.0,3181064158.672141,253908386.1367383,101130093.95264632,5863777.534276187
2020,generation_tx,TOLAR,3000.0,20.09443696786969,0.8274563484297275,6.347552236465516e-05,-0.00014269733999897202,256.4,256.4,1656010.0,1656010.0,2922473694.6043844,236111746.9902687,98763281.99336198,5549111.112099305
2021,generation_tx,TOLAR,3000.0,39.14322157388041,1.6845180629949041,5.850359015834164e-06,1.692007331285139e-06,420.2,321.3,3621414.0,3096550.0,5004947461.151626,463867493.22343445,109220510.39488363,5109668.484868243
2022,generation_tx,TOLAR,3000.0,63.58718636130583,2.965404750518026,0.0018705935553692073,0.00032597812192202064,2034.7000000000003,2033.2000000000003,15498805.0,15490602.0,7923428130.467328,745995278.8422422,114155828.6260373,5180481.614240229
2023,generation_tx,TOLAR,3000.0,32.589390850108,6.06260338164013,0.0009985770985080145,-3.0114430062581823e-05,3070.1,3070.0,360795384.0,360794581.0,4037808641.1441774,245523415.09086514,110970475.8414003,4368241.106211394
2019,generation_tx,TOLAR,5000.0,22.12616525489182,1.4915234394109866,3.886774482383538e-06,-3.4897013323435875e-05,400.79999999999995,400.79999999999995,2257501.0,2257501.0,3356924416.8075905,429768644.2721877,105147550.99888335,9881234.580513224
2020,generation_tx,TOLAR,5000.0,23.942711553412963,4.675730933973,0.0017943011152457662,0.001588128252882139,672.9,672.9,13574419.0,13574419.0,3084618515.2225595,398256567.60844374,102555574.19675499,9341403.315492317
2021,generation_tx,TOLAR,5000.0,40.23241242615731,2.773708915271804,1.2224773805336657e-05,8.066422120787632e-06,1045.3,946.4,8336558.0,7811694.0,5325244840.481648,784164872.5534573,112711889.92622885,8601048.016213462
2022,generation_tx,TOLAR,5000.0,68.79345211402732,8.171670503239511,0.0015916115212573237,4.6996087810137087e-05,5262.699999999999,5261.199999999999,146752422.0,146744219.0,8350933218.668712,1173500367.0436258,117105918.34441292,8130571.332615852
2023,generation_tx,TOLAR,5000.0,32.629119131309835,6.102331662841962,0.0015556994799617008,0.0005270079513911045,5441.300000000001,5441.200000000001,604057170.0,604056367.0,4202376631.711207,410091405.6578946,113908323.71635099,7306088.981162086
