branch_id,from_bus,to_bus,component,tier,high_kv,from_kv,to_kv,zone,base_mw,new_mw,added_mw,rate_factor,upgrade_type,cost_musd,distance_mile,from_lon,from_lat,to_lon,to_lat,loading_before_pct,loading_after_pct,cleared,recovery,portfolio,criterion
199,1061,1112,line,T4_light,115.0,115.0,115.0,WEST,169.8,237.7,67.9,1.4,Reconductor(ACSR->ACSS),24.193,21.9,-101.3548315,32.107940125,-101.014,32.239,107.66200095929764,77.86870693533406,True,ALL,generation,N0
249,1085,1086,line,T4_light,115.0,115.0,115.0,WEST,287.0,401.8,114.8,1.4,Reconductor(ACSR->ACSS),26.512,24.0,-103.138992,31.696251,-103.43056166666668,31.453610666666663,107.78654626072831,77.39760466536801,True,ALL,generation,N0
344,1112,13300,line,T6_heavy,115.0,115.0,115.0,WEST,122.5,269.5,147.0,2.2,New Parallel Circuit,26.447,8.8,-101.014,32.239,-100.890668,32.313261999999995,146.93877551020424,66.79035250463818,True,ALL,generation,N0
405,2014,2008,line,T7_structural,161.0,161.0,161.0,NORTH,187.0,467.5,280.5,2.5,New Corridor/Aggressive Parallel,230.324,30.8,-100.4547365,34.413879,-100.512868,34.857258,201.86208955402665,69.27294001283182,True,ALL,generation,N0
407,2008,13149,line,T5_moderate,161.0,161.0,161.0,NORTH,226.2,395.8,169.6,1.75,HTLS Reconductor,80.854,32.7,-100.512868,34.857258,-100.934408,35.18172,123.2361753339407,61.88503303713875,True,ALL,generation,N0
434,2014,2029,line,T7_structural,161.0,161.0,161.0,NORTH,187.0,467.5,280.5,2.5,New Corridor/Aggressive Parallel,337.154,45.1,-100.4547365,34.413879,-101.244172,34.371689,328.8094677538883,150.2029924087449,False,ALL,generation,N0
435,2014,13085,line,T7_structural,161.0,161.0,161.0,NORTH,220.0,550.0,330.0,2.5,New Corridor/Aggressive Parallel,374.7,50.1,-100.4547365,34.413879,-100.883227,33.781077,166.62430712398842,60.52350977594619,True,ALL,generation,N0
481,2029,12632,line,T7_structural,161.0,161.0,161.0,NORTH,218.7,546.8,328.0,2.5,New Corridor/Aggressive Parallel,151.296,20.2,-101.244172,34.371689,-101.59661,34.4067,162.87131401495142,96.87184592644236,True,ALL,generation,N0
482,2029,13055,line,T5_moderate,161.0,161.0,161.0,NORTH,242.3,424.0,181.7,1.75,HTLS Reconductor,74.1,0.0,-101.244172,34.371689,-101.244172,34.371689,123.20728971369608,53.71292462136371,True,ALL,generation,N0
528,2065,2044,line,T5_moderate,161.0,161.0,161.0,NORTH,187.0,327.2,140.2,1.75,HTLS Reconductor,36.887,14.9,-97.17635,33.661583,-96.936121,33.743893,111.03101550508956,59.66362307937798,True,ALL,generation,N0
537,2048,13085,line,T5_moderate,161.0,161.0,161.0,NORTH,307.6,538.3,230.7,1.75,HTLS Reconductor,12.919,5.2,-100.967402,33.752201,-100.883227,33.781077,112.67018064784594,58.123593492049686,True,ALL,generation,N0
551,2053,2088,line,T6_heavy,161.0,161.0,161.0,NORTH,352.9,776.4,423.5,2.2,New Parallel Circuit,127.213,33.7,-97.95612,33.520572,-98.540972,33.494167000000004,126.961273545194,55.70957987372959,True,ALL,generation,N0
573,2068,2067,line,T7_structural,161.0,161.0,161.0,NORTH,251.0,627.5,376.5,2.5,New Corridor/Aggressive Parallel,209.739,28.1,-98.360833,33.509722,-98.50555385714286,33.89755828571428,184.36161385574968,63.19441715514407,True,ALL,generation,N0
576,13017,2068,transformer,T7_structural,161.0,20.0,161.0,NORTH,286.4,859.2,572.8,3.0,Major Transformer 3x,16.0,0.0,-98.360833,33.509722,-98.360833,33.509722,227.9048923566284,75.96829745220951,True,ALL,generation,N0
579,2071,2070,transformer,T7_structural,161.0,18.0,161.0,NORTH,251.1,753.3,502.2,3.0,Major Transformer 3x,16.0,0.0,-98.540972,33.494167000000004,-98.540972,33.494167000000004,205.15195392276107,68.38398464092033,True,ALL,generation,N0
581,2070,5237,line,T7_structural,161.0,161.0,161.0,NORTH,245.0,612.5,367.5,2.5,New Corridor/Aggressive Parallel,150.749,20.2,-98.540972,33.494167000000004,-98.81875,33.316907,190.11882206373605,89.39136249842996,True,ALL,generation,N0
598,2083,2082,transformer,T7_structural,161.0,20.0,161.0,NORTH,36.8,110.4,73.6,3.0,Major Transformer 3x,16.0,0.0,-98.50555385714286,33.89755828571428,-98.50555385714286,33.89755828571428,161.59922399087668,53.86640799695887,True,ALL,generation,N0
599,2084,2082,transformer,T6_heavy,161.0,20.0,161.0,NORTH,43.5,87.0,43.5,2.0,Parallel Transformer 2x,11.0,0.0,-98.50555385714286,33.89755828571428,-98.50555385714286,33.89755828571428,136.70922857159215,68.35461428579606,True,ALL,generation,N0
600,2085,2082,transformer,T7_structural,161.0,20.0,161.0,NORTH,36.4,109.2,72.8,3.0,Major Transformer 3x,16.0,0.0,-98.50555385714286,33.89755828571428,-98.50555385714286,33.89755828571428,163.37503963912798,54.458346546376,True,ALL,generation,N0
604,2089,2088,transformer,T7_structural,161.0,24.0,161.0,NORTH,93.5,280.5,187.0,3.0,Major Transformer 3x,16.0,0.0,-98.540972,33.494167000000004,-98.540972,33.494167000000004,231.32979842484193,77.10993280828065,True,ALL,generation,N0
663,2126,13390,line,T5_moderate,161.0,161.0,161.0,NORTH,245.9,430.3,184.4,1.75,HTLS Reconductor,16.973,6.9,-97.128552,33.458028,-97.234707,33.503328,114.17920552278322,62.7120706528605,True,ALL,generation,N0
690,3003,3141,line,T5_moderate,115.0,115.0,115.0,WEST,176.0,308.0,132.0,1.75,HTLS Reconductor,58.5,0.0,-100.2940896,32.3397188,-100.2940896,32.3397188,124.71479447485672,80.25796739221121,True,ALL,generation,N0
717,3013,3031,line,T4_light,115.0,115.0,115.0,WEST,141.2,197.7,56.5,1.4,Reconductor(ACSR->ACSS),16.076,14.5,-99.70613471428572,32.45867642857143,-99.826041,32.274081,100.97120824958392,72.37713983101239,True,ALL,generation,N0
724,3015,3127,line,T7_structural,115.0,115.0,115.0,WEST,98.0,245.0,147.0,2.5,New Corridor/Aggressive Parallel,99.01,16.0,-100.56760671428572,32.36118885714286,-100.2940896,32.3397188,196.0435957477204,111.86398061743256,False,ALL,generation,N0
761,3023,3115,line,T6_heavy,115.0,115.0,115.0,WEST,135.0,297.0,162.0,2.2,New Parallel Circuit,116.851,39.1,-99.850964,32.940911,-100.524167,32.969722,137.12592032263163,90.11797931992284,True,ALL,generation,N0
791,3032,3094,line,T6_heavy,115.0,115.0,115.0,WEST,113.2,249.0,135.8,2.2,New Parallel Circuit,69.603,23.3,-99.70613471428572,32.45867642857143,-100.09043266666669,32.36779933333333,125.2005747119106,89.44345913189305,True,ALL,generation,N0
799,3038,3037,transformer,T6_heavy,230.0,115.0,230.0,WEST,114.0,228.0,114.0,2.0,Parallel Transformer 2x,17.0,0.0,-100.56760671428572,32.36118885714286,-100.56760671428572,32.36118885714286,130.23407517305498,82.85995689413959,True,ALL,generation,N0
805,3038,3121,line,T5_moderate,115.0,115.0,115.0,WEST,155.0,271.2,116.2,1.75,HTLS Reconductor,58.5,0.0,-100.56760671428572,32.36118885714286,-100.56760671428572,32.36118885714286,121.83894343679808,73.84531239342735,True,ALL,generation,N0
845,3054,3053,transformer,T7_structural,230.0,115.0,230.0,WEST,103.0,309.0,206.0,3.0,Major Transformer 3x,25.0,0.0,-100.1097475,32.1590745,-100.1097475,32.1590745,195.1134460697872,88.85636284406846,True,ALL,generation,N0
846,3054,3053,transformer,T7_structural,230.0,115.0,230.0,WEST,103.0,309.0,206.0,3.0,Major Transformer 3x,25.0,0.0,-100.1097475,32.1590745,-100.1097475,32.1590745,195.1134460697872,88.85636284406846,True,ALL,generation,N0
862,3054,3125,line,T5_moderate,115.0,115.0,115.0,WEST,122.3,214.0,91.7,1.75,HTLS Reconductor,61.171,31.4,-100.1097475,32.1590745,-99.70613471428572,32.45867642857143,123.25531518608057,66.42933795956222,True,ALL,generation,N0
885,3064,3141,line,T6_heavy,115.0,115.0,115.0,WEST,149.0,327.8,178.8,2.2,New Parallel Circuit,47.942,16.0,-100.56760671428572,32.36118885714286,-100.2940896,32.3397188,139.42731128016965,84.58985507802518,True,ALL,generation,N0
886,3064,13366,line,T5_moderate,115.0,115.0,115.0,WEST,121.0,211.8,90.8,1.75,HTLS Reconductor,58.5,0.0,-100.56760671428572,32.36118885714286,-100.56760671428572,32.36118885714286,113.26492853683968,24.228282251326945,True,ALL,generation,N0
946,3089,3088,transformer,T5_moderate,230.0,161.0,230.0,WEST,411.0,719.2,308.2,1.75,Transformer Replace 1.75x,11.5,0.0,-99.70613471428572,32.45867642857143,-99.70613471428572,32.45867642857143,114.97549435214326,68.31126772379157,True,ALL,generation,N0
1003,3121,3145,line,T4_light,115.0,115.0,115.0,WEST,149.0,208.6,59.6,1.4,Reconductor(ACSR->ACSS),26.298,23.8,-100.56760671428572,32.36118885714286,-100.2242635,32.5474795,108.18992163345304,69.23126047886167,True,ALL,generation,N0
1014,3127,13366,line,T4_light,115.0,115.0,115.0,WEST,203.2,284.5,81.3,1.4,Reconductor(ACSR->ACSS),17.718,16.0,-100.2940896,32.3397188,-100.56760671428572,32.36118885714286,107.062285201563,46.3313370596122,True,ALL,generation,N0
1023,3132,3144,line,T4_light,115.0,115.0,115.0,WEST,98.0,137.2,39.2,1.4,Reconductor(ACSR->ACSS),23.8,21.5,-99.9360515,31.18751,-99.682323,31.411505,101.6523528179773,67.86516029254675,True,ALL,generation,N0
1563,5005,5046,line,T7_structural,161.0,161.0,161.0,NORTH,214.7,536.8,322.0,2.5,New Corridor/Aggressive Parallel,192.69,25.8,-98.008849,32.527015,-98.187624,32.1858615,767.1372593652695,330.98482211003784,False,ALL,generation,N0
1564,5133,5005,line,T7_structural,161.0,161.0,161.0,NORTH,187.0,467.5,280.5,2.5,New Corridor/Aggressive Parallel,92.536,12.4,-97.924354,32.362649,-98.008849,32.527015,1453.3614337940244,593.3185045594988,False,ALL,generation,N0
1565,5005,5435,line,T7_structural,161.0,161.0,161.0,NORTH,187.0,467.5,280.5,2.5,New Corridor/Aggressive Parallel,80.815,10.8,-98.008849,32.527015,-98.17276,32.600503,577.3755001805298,215.21988794439125,False,ALL,generation,N0
1593,5012,13266,line,T7_structural,161.0,161.0,161.0,NORTH,209.6,524.0,314.4,2.5,New Corridor/Aggressive Parallel,143.911,19.3,-97.13581333333332,33.210620166666665,-97.466582,33.243525500000004,199.18813202379573,92.04474155351264,True,ALL,generation,N0
1677,5034,5033,transformer,T5_moderate,500.0,161.0,500.0,NORTH,1209.0,2115.8,906.8,1.75,Transformer Replace 1.75x,27.5,0.0,-96.80082027272728,32.808276409090915,-96.80082027272728,32.808276409090915,114.09704464125134,80.29895065530832,True,ALL,generation,N0
1686,5034,5313,line,T5_moderate,161.0,161.0,161.0,NORTH,227.6,398.3,170.7,1.75,HTLS Reconductor,32.679,13.2,-96.80082027272728,32.808276409090915,-96.695516,32.63852,121.31860687074636,86.38435818527664,True,ALL,generation,N0
1697,5046,5045,transformer,T7_structural,500.0,161.0,500.0,NORTH,550.0,1650.0,1100.0,3.0,Major Transformer 3x,55.0,0.0,-98.187624,32.1858615,-98.187624,32.1858615,273.6877743279026,113.05459419635324,False,ALL,generation,N0
1746,5059,5426,line,T6_heavy,161.0,161.0,161.0,NORTH,251.0,552.2,301.2,2.2,New Parallel Circuit,33.665,8.9,-96.092445,32.357217500000004,-96.245039,32.366686,129.70920372658384,64.76806208279056,True,ALL,generation,N0
1761,5064,5125,line,T4_light,161.0,161.0,161.0,NORTH,217.3,304.2,86.9,1.4,Reconductor(ACSR->ACSS),40.95,0.0,-97.12502636363637,32.69967490909091,-97.12502636363637,32.69967490909091,105.3531029411572,72.74192235170203,True,ALL,generation,N0
1816,5085,5353,line,T4_light,161.0,161.0,161.0,NORTH,191.3,267.8,76.5,1.4,Reconductor(ACSR->ACSS),17.271,12.7,-96.80082027272728,32.808276409090915,-96.914175,32.651936,100.90796725562042,88.80267711866755,True,ALL,generation,N0
1834,5088,5407,line,T6_heavy,161.0,161.0,161.0,NORTH,221.7,487.7,266.0,2.2,New Parallel Circuit,113.1,0.0,-97.46203133333334,31.819786000000004,-97.46203133333334,31.819786000000004,143.84163282803664,77.45644316622291,True,ALL,generation,N0
1874,5100,5272,line,T4_light,161.0,161.0,161.0,NORTH,204.2,285.9,81.7,1.4,Reconductor(ACSR->ACSS),40.95,0.0,-96.80082027272728,32.808276409090915,-96.80082027272728,32.808276409090915,100.73992023412366,70.03649232688772,True,ALL,generation,N0
1898,5105,5253,line,T4_light,161.0,161.0,161.0,NORTH,235.0,329.0,94.0,1.4,Reconductor(ACSR->ACSS),19.014,13.9,-96.9700122,32.8603614,-97.092488,33.0338,108.02689327966056,76.02996566670463,True,ALL,generation,N0
1908,5274,5109,line,T7_structural,161.0,161.0,161.0,NORTH,251.0,627.5,376.5,2.5,New Corridor/Aggressive Parallel,40.25,5.4,-96.674333,32.605192,-96.7651095,32.5902035,203.4899058254688,110.00684129506251,False,ALL,generation,N0
1917,5112,5133,line,T7_structural,161.0,161.0,161.0,NORTH,187.0,467.5,280.5,2.5,New Corridor/Aggressive Parallel,187.426,25.1,-97.8826,32.001481,-97.924354,32.362649,1226.8329749168176,478.7592589248375,False,ALL,generation,N0
1918,5191,5112,line,T7_structural,161.0,161.0,161.0,NORTH,187.0,467.5,280.5,2.5,New Corridor/Aggressive Parallel,87.473,11.7,-97.710123,31.916215,-97.8826,32.001481,384.7981843966293,138.14683495193475,False,ALL,generation,N0
1919,5112,5246,line,T7_structural,161.0,161.0,161.0,NORTH,187.0,467.5,280.5,2.5,New Corridor/Aggressive Parallel,136.231,18.2,-97.8826,32.001481,-97.790381,32.253423999999995,341.0053636834959,130.1477418188374,False,ALL,generation,N0
1920,5286,5112,line,T7_structural,161.0,161.0,161.0,NORTH,150.0,375.0,225.0,2.5,New Corridor/Aggressive Parallel,254.906,34.1,-98.4123355,32.20698,-97.8826,32.001481,188.20339233181937,89.20403891276325,True,ALL,generation,N0
1921,5112,5318,line,T7_structural,161.0,161.0,161.0,NORTH,242.8,607.0,364.2,2.5,New Corridor/Aggressive Parallel,225.301,30.1,-97.8826,32.001481,-97.69946625,32.40925625,278.5337478117318,110.55473527963652,False,ALL,generation,N0
1922,5113,5195,line,T5_moderate,161.0,161.0,161.0,NORTH,251.0,439.2,188.2,1.75,HTLS Reconductor,42.209,17.1,-97.3420515,33.318023,-97.173782,33.114675,115.82883407976432,62.24056209039006,True,ALL,generation,N0
1956,5122,5308,line,T5_moderate,161.0,161.0,161.0,NORTH,251.0,439.2,188.2,1.75,HTLS Reconductor,36.875,14.9,-96.80082027272728,32.808276409090915,-96.5458,32.8358,114.62390249693988,61.44783936448522,True,ALL,generation,N0
1966,5191,5127,line,T4_light,161.0,161.0,161.0,NORTH,187.0,261.8,74.8,1.4,Reconductor(ACSR->ACSS),15.807,11.6,-97.710123,31.916215,-97.804426,31.769003,107.3906713075696,54.791551041751326,True,ALL,generation,N0
1983,5131,5279,line,T4_light,500.0,500.0,500.0,NORTH,2020.0,2828.0,808.0,1.4,Reconductor(ACSR->ACSS),36.681,11.3,-97.499909,31.051688,-97.314427,31.08967366666667,101.12200806812652,70.06920844179439,True,ALL,generation,N0
1986,5163,5132,line,T5_moderate,161.0,161.0,161.0,NORTH,251.0,439.2,188.2,1.75,HTLS Reconductor,15.822,6.4,-97.604369,31.075955,-97.499909,31.051688,117.46579095907028,74.17346103337428,True,ALL,generation,N0
1987,5132,5390,line,T6_heavy,161.0,161.0,161.0,NORTH,343.0,754.6,411.6,2.2,New Parallel Circuit,66.694,17.7,-97.499909,31.051688,-97.2120625,30.983119,129.56902378879892,71.51716993296964,True,ALL,generation,N0
1990,5155,5135,line,T4_light,161.0,161.0,161.0,NORTH,279.0,390.6,111.6,1.4,Reconductor(ACSR->ACSS),24.852,18.2,-98.666449,32.759373,-98.66402,32.495875,106.8536076536346,65.00986895433886,True,ALL,generation,N0
2011,5389,5144,line,T5_moderate,161.0,161.0,161.0,NORTH,187.0,327.2,140.2,1.75,HTLS Reconductor,74.1,0.0,-97.145583,31.5590085,-97.145583,31.5590085,120.15115628399997,56.65847148841467,True,ALL,generation,N0
2027,5148,5457,line,T4_light,161.0,161.0,161.0,NORTH,187.0,261.8,74.8,1.4,Reconductor(ACSR->ACSS),14.534,10.6,-96.9700122,32.8603614,-97.149641,32.891787,103.7737030169661,71.56692863028958,True,ALL,generation,N0
2035,5191,5151,line,T5_moderate,161.0,161.0,161.0,NORTH,187.0,327.2,140.2,1.75,HTLS Reconductor,28.92,11.7,-97.710123,31.916215,-97.52976,31.988989,111.36899783298544,34.70152808164557,True,ALL,generation,N0
2051,5157,5194,line,T4_light,161.0,161.0,161.0,NORTH,187.0,261.8,74.8,1.4,Reconductor(ACSR->ACSS),6.353,4.7,-96.864075,32.599427,-96.914175,32.651936,105.5295693292008,70.61284986185977,True,ALL,generation,N0
2054,5157,5376,line,T5_moderate,161.0,161.0,161.0,NORTH,233.5,408.6,175.1,1.75,HTLS Reconductor,36.782,14.9,-96.864075,32.599427,-96.80082027272728,32.808276409090915,117.3439217868233,59.585083842108986,True,ALL,generation,N0
2087,5169,5471,line,T7_structural,161.0,161.0,161.0,NORTH,187.0,467.5,280.5,2.5,New Corridor/Aggressive Parallel,86.231,11.5,-98.4123355,32.20698,-98.377389,32.371306,205.0912845416091,82.93376223970927,True,ALL,generation,N0
2137,5191,5407,line,T7_structural,161.0,161.0,161.0,NORTH,187.0,467.5,280.5,2.5,New Corridor/Aggressive Parallel,119.675,16.0,-97.710123,31.916215,-97.46203133333334,31.819786000000004,170.38800418081826,84.91229228129976,True,ALL,generation,N0
2141,5193,6316,line,T5_moderate,161.0,161.0,161.0,NORTH,187.0,327.2,140.2,1.75,HTLS Reconductor,57.499,23.3,-97.7609485,31.05193475,-97.72702366666664,30.716280333333337,112.22651986230852,64.85696953154154,True,ALL,generation,N0
2165,5206,5204,transformer,T7_structural,500.0,13.8,500.0,NORTH,357.6,1072.8,715.2,3.0,Major Transformer 3x,55.0,0.0,-97.93385,33.07965,-97.93385,33.07965,253.42951916170867,84.47650638723617,True,ALL,generation,N0
2166,5207,5204,transformer,T7_structural,500.0,13.8,500.0,NORTH,397.9,1193.7,795.8,3.0,Major Transformer 3x,55.0,0.0,-97.93385,33.07965,-97.93385,33.07965,241.33050596923695,80.44350198974567,True,ALL,generation,N0
2167,5208,5204,transformer,T7_structural,500.0,13.8,500.0,NORTH,257.8,773.4,515.6,3.0,Major Transformer 3x,55.0,0.0,-97.93385,33.07965,-97.93385,33.07965,199.66852245890297,66.55617415296763,True,ALL,generation,N0
2170,12532,5204,transformer,T7_structural,500.0,13.8,500.0,NORTH,260.5,781.5,521.0,3.0,Major Transformer 3x,55.0,0.0,-97.93385,33.07965,-97.93385,33.07965,197.59902145836915,65.86634048612308,True,ALL,generation,N0
2171,12533,5204,transformer,T7_structural,500.0,13.8,500.0,NORTH,212.6,637.8,425.2,3.0,Major Transformer 3x,55.0,0.0,-97.93385,33.07965,-97.93385,33.07965,242.1192149101843,80.70640497006144,True,ALL,generation,N0
2172,12534,5204,transformer,T7_structural,500.0,13.8,500.0,NORTH,245.8,737.4,491.6,3.0,Major Transformer 3x,55.0,0.0,-97.93385,33.07965,-97.93385,33.07965,201.21366828611448,67.07122276203813,True,ALL,generation,N0
2217,5349,5228,line,T5_moderate,161.0,161.0,161.0,NORTH,310.0,542.5,232.5,1.75,HTLS Reconductor,37.569,15.2,-96.7651095,32.5902035,-96.80082027272728,32.808276409090915,113.10872813143465,62.57483316718513,True,ALL,generation,N0
2227,5232,5251,line,T4_light,161.0,161.0,161.0,NORTH,187.0,261.8,74.8,1.4,Reconductor(ACSR->ACSS),9.391,6.9,-97.12502636363637,32.69967490909091,-97.010181,32.723688,100.48700068210242,68.66646224055611,True,ALL,generation,N0
2237,5237,5236,transformer,T7_structural,500.0,161.0,500.0,NORTH,287.0,861.0,574.0,3.0,Major Transformer 3x,55.0,0.0,-98.81875,33.316907,-98.81875,33.316907,162.29655542026254,63.59141641148474,True,ALL,generation,N0
2258,5261,5246,line,T7_structural,161.0,161.0,161.0,NORTH,251.0,627.5,376.5,2.5,New Corridor/Aggressive Parallel,224.25,0.0,-97.790381,32.253423999999995,-97.790381,32.253423999999995,225.60540621025513,92.90344277286918,True,ALL,generation,N0
2288,5261,5260,transformer,T4_light,500.0,161.0,500.0,NORTH,375.0,562.5,187.5,1.5,Transformer Replace 1.5x,20.0,0.0,-97.790381,32.253423999999995,-97.790381,32.253423999999995,105.48398729582767,85.8985943018972,True,ALL,generation,N0
2294,5264,5471,line,T4_light,161.0,161.0,161.0,NORTH,251.0,351.4,100.4,1.4,Reconductor(ACSR->ACSS),15.531,11.4,-98.552257,32.298594,-98.377389,32.371306,103.89473330095596,38.197944242362,True,ALL,generation,N0
2309,5271,5390,line,T5_moderate,161.0,161.0,161.0,NORTH,187.0,327.2,140.2,1.75,HTLS Reconductor,35.078,14.2,-97.291628,30.789254,-97.2120625,30.983119,114.91256016174646,54.64549637941942,True,ALL,generation,N0
2315,5274,5313,line,T7_structural,161.0,161.0,161.0,NORTH,232.9,582.2,349.4,2.5,New Corridor/Aggressive Parallel,19.524,2.6,-96.674333,32.605192,-96.695516,32.63852,178.59469733176493,117.30235063388828,False,ALL,generation,N0
2330,5281,5279,transformer,T6_heavy,500.0,13.8,500.0,NORTH,486.8,973.6,486.8,2.0,Parallel Transformer 2x,40.0,0.0,-97.314427,31.08967366666667,-97.314427,31.08967366666667,148.82389068182854,74.41194534091427,True,ALL,generation,N0
2331,5282,5279,transformer,T7_structural,500.0,13.8,500.0,NORTH,471.2,1413.6,942.4,3.0,Major Transformer 3x,55.0,0.0,-97.314427,31.08967366666667,-97.314427,31.08967366666667,166.25005092103427,55.416683640344765,True,ALL,generation,N0
2332,5283,5279,transformer,T7_structural,500.0,13.8,500.0,NORTH,272.2,816.6,544.4,3.0,Major Transformer 3x,55.0,0.0,-97.314427,31.08967366666667,-97.314427,31.08967366666667,188.5099896402685,62.836663213422845,True,ALL,generation,N0
2334,12520,5279,transformer,T7_structural,500.0,13.8,500.0,NORTH,328.5,985.5,657.0,3.0,Major Transformer 3x,55.0,0.0,-97.314427,31.08967366666667,-97.314427,31.08967366666667,156.20218928487392,52.06739642829131,True,ALL,generation,N0
2335,12521,5279,transformer,T7_structural,500.0,13.8,500.0,NORTH,319.7,959.1,639.4,3.0,Major Transformer 3x,55.0,0.0,-97.314427,31.08967366666667,-97.314427,31.08967366666667,160.50178035683794,53.50059345227933,True,ALL,generation,N0
2336,12522,5279,transformer,T7_structural,500.0,13.8,500.0,NORTH,340.2,1020.6,680.4,3.0,Major Transformer 3x,55.0,0.0,-97.314427,31.08967366666667,-97.314427,31.08967366666667,150.83015632005024,50.27671877335008,True,ALL,generation,N0
2383,5318,5402,line,T5_moderate,161.0,161.0,161.0,NORTH,326.0,570.5,244.5,1.75,HTLS Reconductor,74.1,0.0,-97.69946625,32.40925625,-97.69946625,32.40925625,112.56225878636064,64.90195694972275,True,ALL,generation,N0
2408,5427,5333,line,T4_light,161.0,161.0,161.0,NORTH,310.0,434.0,124.0,1.4,Reconductor(ACSR->ACSS),15.036,11.0,-96.8502335,32.366515,-96.807315,32.521773,100.71881585703946,64.95199578035195,True,ALL,generation,N0
2409,5427,5333,line,T4_light,161.0,161.0,161.0,NORTH,310.0,434.0,124.0,1.4,Reconductor(ACSR->ACSS),15.036,11.0,-96.8502335,32.366515,-96.807315,32.521773,100.71881585703946,64.95199578035195,True,ALL,generation,N0
2491,12588,5390,transformer,T7_structural,161.0,20.0,161.0,NORTH,452.4,1357.2,904.8,3.0,Major Transformer 3x,16.0,0.0,-97.2120625,30.983119,-97.2120625,30.983119,159.03870273968093,53.01290091322696,True,ALL,generation,N0
2493,5459,5391,line,T7_structural,115.0,115.0,115.0,NORTH,98.0,245.0,147.0,2.5,New Corridor/Aggressive Parallel,74.166,12.0,-97.378809,30.884326,-97.2120625,30.983119,152.42693113205544,73.34586568426303,True,ALL,generation,N0
2513,5402,12600,line,T6_heavy,161.0,161.0,161.0,NORTH,219.1,482.0,262.9,2.2,New Parallel Circuit,113.1,0.0,-97.69946625,32.40925625,-97.69946625,32.40925625,139.42241811663715,83.31901610133801,True,ALL,generation,N0
2523,5414,5413,transformer,T4_light,500.0,161.0,500.0,NORTH,315.0,472.5,157.5,1.5,Transformer Replace 1.5x,20.0,0.0,-98.2935895,32.711098,-98.2935895,32.711098,108.48435005059736,82.65398129137115,True,ALL,generation,N0
2529,5414,5471,line,T7_structural,161.0,161.0,161.0,NORTH,187.0,467.5,280.5,2.5,New Corridor/Aggressive Parallel,179.248,24.0,-98.2935895,32.711098,-98.377389,32.371306,182.74101746490996,83.53798109127888,True,ALL,generation,N0
2533,5435,5471,line,T7_structural,161.0,161.0,161.0,NORTH,187.0,467.5,280.5,2.5,New Corridor/Aggressive Parallel,148.19,19.8,-98.17276,32.600503,-98.377389,32.371306,579.7819172928293,216.1824547893111,False,ALL,generation,N0
2544,5449,5448,transformer,T5_moderate,500.0,161.0,500.0,NORTH,1267.0,2217.2,950.2,1.75,Transformer Replace 1.75x,27.5,0.0,-97.010181,32.723688,-97.010181,32.723688,120.71192861717972,82.54045933365612,True,ALL,generation,N0
2836,6084,6353,line,T4_light,115.0,115.0,115.0,SOUTH,163.8,229.3,65.5,1.4,Reconductor(ACSR->ACSS),33.15,0.0,-97.677175,30.5341255,-97.677175,30.5341255,100.74621928980451,71.469165234225,True,ALL,generation,N0
2847,6116,6095,line,T4_light,115.0,115.0,115.0,SOUTH,98.0,137.2,39.2,1.4,Reconductor(ACSR->ACSS),16.668,15.1,-97.35701,30.41477,-97.546124,30.560042,103.8256273403944,69.82564155256766,True,ALL,generation,N0
2850,6095,6353,line,T4_light,115.0,115.0,115.0,SOUTH,128.1,179.3,51.2,1.4,Reconductor(ACSR->ACSS),8.841,8.0,-97.546124,30.560042,-97.677175,30.5341255,103.2659205573808,67.40585972293972,True,ALL,generation,N0
2885,6109,6108,transformer,T5_moderate,230.0,115.0,230.0,SOUTH,137.0,239.8,102.8,1.75,Transformer Replace 1.75x,11.5,0.0,-96.947291,30.633128,-96.947291,30.633128,115.885540666748,66.34621553142564,True,ALL,generation,N0
2932,6127,6237,line,T5_moderate,115.0,115.0,115.0,SOUTH,220.0,385.0,165.0,1.75,HTLS Reconductor,21.465,11.0,-96.907601,30.891129,-97.0630125,30.978365,110.55568996998404,51.17147144536831,True,ALL,generation,N0
2933,6338,6127,line,T4_light,115.0,115.0,115.0,SOUTH,220.0,308.0,88.0,1.4,Reconductor(ACSR->ACSS),19.869,18.0,-96.947291,30.633128,-96.907601,30.891129,107.37544361510074,76.59873861366043,True,ALL,generation,N0
2934,6127,8102,line,T6_heavy,115.0,115.0,115.0,SOUTH,98.0,215.6,117.6,2.2,New Parallel Circuit,60.806,20.3,-96.907601,30.891129,-96.66368,31.09828,141.06475308087423,85.41463351827747,True,ALL,generation,N0
2948,6134,6140,line,T5_moderate,115.0,115.0,115.0,SOUTH,246.0,430.5,184.5,1.75,HTLS Reconductor,17.779,9.1,-97.413885,30.710857,-97.502485,30.818633,119.68517077299065,82.36271177618103,True,ALL,generation,N0
2949,6134,6358,line,T6_heavy,115.0,115.0,115.0,SOUTH,220.0,484.0,264.0,2.2,New Parallel Circuit,55.629,18.6,-97.413885,30.710857,-97.72702366666664,30.716280333333337,130.3661455007077,71.68418888356597,True,ALL,generation,N0
2995,6153,13418,line,T4_light,115.0,115.0,115.0,SOUTH,119.3,167.0,47.7,1.4,Reconductor(ACSR->ACSS),33.15,0.0,-98.5093816037736,29.474642000000003,-98.5093816037736,29.474642000000003,104.27779582548114,74.73144952285453,True,ALL,generation,N0
3198,6275,6324,line,T4_light,115.0,115.0,115.0,SOUTH,221.0,309.4,88.4,1.4,Reconductor(ACSR->ACSS),33.15,0.0,-98.5093816037736,29.474642000000003,-98.5093816037736,29.474642000000003,107.812191234457,77.62528248276777,True,ALL,generation,N0
3199,6275,6324,line,T4_light,115.0,115.0,115.0,SOUTH,221.0,309.4,88.4,1.4,Reconductor(ACSR->ACSS),33.15,0.0,-98.5093816037736,29.474642000000003,-98.5093816037736,29.474642000000003,107.812191234457,77.62528248276777,True,ALL,generation,N0
3243,6319,6316,transformer,T4_light,161.0,115.0,161.0,SOUTH,163.0,244.5,81.5,1.5,Transformer Replace 1.5x,4.5,0.0,-97.72702366666664,30.716280333333337,-97.72702366666664,30.716280333333337,100.16773874236402,73.72696054969282,True,ALL,generation,N0
3244,6324,6320,line,T5_moderate,115.0,115.0,115.0,SOUTH,250.0,437.5,187.5,1.75,HTLS Reconductor,58.5,0.0,-98.5093816037736,29.474642000000003,-98.5093816037736,29.474642000000003,110.33849731849892,61.990367160916634,True,ALL,generation,N0
3264,6344,6353,line,T5_moderate,115.0,115.0,115.0,SOUTH,107.3,187.8,80.5,1.75,HTLS Reconductor,58.5,0.0,-97.677175,30.5341255,-97.677175,30.5341255,115.84934203738744,61.874358158608665,True,ALL,generation,N0
3305,7010,7182,line,T4_light,115.0,115.0,115.0,HOUSTON,98.0,137.2,39.2,1.4,Reconductor(ACSR->ACSS),22.504,20.4,-95.990493,30.086834,-96.012215,29.792687,104.01045226474594,66.65288822809664,True,ALL,generation,N0
3381,7031,7029,transformer,T6_heavy,230.0,13.8,230.0,HOUSTON,47.7,95.4,47.7,2.0,Parallel Transformer 2x,17.0,0.0,-96.70457766666668,28.589903333333336,-96.70457766666668,28.589903333333336,126.85953068670936,63.4297653433547,True,ALL,generation,N0
3382,7032,7029,transformer,T5_moderate,230.0,13.8,230.0,HOUSTON,50.4,88.2,37.8,1.75,Transformer Replace 1.75x,11.5,0.0,-96.70457766666668,28.589903333333336,-96.70457766666668,28.589903333333336,120.06348439992138,68.60770537138364,True,ALL,generation,N0
3383,7033,7029,transformer,T4_light,230.0,13.8,230.0,HOUSTON,59.1,88.7,29.6,1.5,Transformer Replace 1.5x,8.0,0.0,-96.70457766666668,28.589903333333336,-96.70457766666668,28.589903333333336,102.38916436135426,68.25944290756951,True,ALL,generation,N0
3384,7034,7029,transformer,T4_light,230.0,13.8,230.0,HOUSTON,28.3,42.5,14.2,1.5,Transformer Replace 1.5x,8.0,0.0,-96.70457766666668,28.589903333333336,-96.70457766666668,28.589903333333336,106.91165395328689,71.27443596885792,True,ALL,generation,N0
3504,7060,13122,line,T4_light,115.0,115.0,115.0,HOUSTON,216.0,302.4,86.4,1.4,Reconductor(ACSR->ACSS),12.221,11.1,-96.542544,28.663349333333333,-96.70457766666668,28.589903333333336,107.25192785503997,76.85366308543216,True,ALL,generation,N0
4047,7246,7251,line,T6_heavy,115.0,115.0,115.0,HOUSTON,98.0,215.6,117.6,2.2,New Parallel Circuit,94.031,31.4,-95.41128715217393,29.77727818478261,-95.833733,30.047619,130.33766071696147,81.35753589597562,True,ALL,generation,N0
4336,7421,7420,transformer,T4_light,230.0,115.0,230.0,HOUSTON,161.4,242.1,80.7,1.5,Transformer Replace 1.5x,8.0,0.0,-95.698237,30.1865575,-95.698237,30.1865575,108.69126785185269,81.68854994738058,True,ALL,generation,N0
4337,7421,7420,transformer,T4_light,230.0,115.0,230.0,HOUSTON,161.4,242.1,80.7,1.5,Transformer Replace 1.5x,8.0,0.0,-95.698237,30.1865575,-95.698237,30.1865575,108.69126785185269,81.68854994738058,True,ALL,generation,N0
4352,7432,8003,line,T7_structural,115.0,115.0,115.0,HOUSTON,98.0,245.0,147.0,2.5,New Corridor/Aggressive Parallel,78.701,12.7,-95.905344,30.953672,-95.934344,31.136452,228.0629479806691,132.09882071632737,False,ALL,generation,N0
4353,7432,8037,line,T7_structural,115.0,115.0,115.0,HOUSTON,149.0,372.5,223.5,2.5,New Corridor/Aggressive Parallel,69.502,11.3,-95.905344,30.953672,-95.715509,30.959521,218.6955292705388,102.04408433383117,False,ALL,generation,N0
4355,8003,8001,line,T7_structural,115.0,115.0,115.0,NORTH,149.0,372.5,223.5,2.5,New Corridor/Aggressive Parallel,74.829,12.1,-95.934344,31.136452,-96.13919,31.132442,158.04811343695008,90.10258006845694,True,ALL,generation,N0
4356,8010,8001,line,T7_structural,115.0,115.0,115.0,NORTH,149.0,372.5,223.5,2.5,New Corridor/Aggressive Parallel,55.037,8.9,-96.22928,31.235882,-96.13919,31.132442,165.30985840339292,93.0072780550342,True,ALL,generation,N0
4379,8010,8103,line,T7_structural,115.0,115.0,115.0,NORTH,98.0,245.0,147.0,2.5,New Corridor/Aggressive Parallel,60.444,9.8,-96.22928,31.235882,-96.202639,31.37571,170.58599425385776,112.24573266315728,False,ALL,generation,N0
4389,8014,8037,line,T5_moderate,115.0,115.0,115.0,NORTH,149.0,260.8,111.8,1.75,HTLS Reconductor,30.657,15.7,-95.499937,31.092367,-95.715509,30.959521,124.32027226588514,50.23176611534067,True,ALL,generation,N0
4390,8118,8014,line,T7_structural,115.0,115.0,115.0,NORTH,98.0,245.0,147.0,2.5,New Corridor/Aggressive Parallel,98.226,15.9,-95.255739,31.188898,-95.499937,31.092367,204.47674048588644,59.64462454928609,True,ALL,generation,N0
4448,8109,8040,line,T4_light,115.0,115.0,115.0,NORTH,138.0,193.2,55.2,1.4,Reconductor(ACSR->ACSS),13.798,12.5,-95.8568275,32.169178,-95.643712,32.158557,103.18678040528252,49.49356742395625,True,ALL,generation,N0
4451,8111,8042,line,T5_moderate,115.0,115.0,115.0,NORTH,98.0,171.5,73.5,1.75,HTLS Reconductor,20.253,10.4,-94.737065,31.33610733333333,-94.758734,31.186933,120.86015141412456,51.85201118689671,True,ALL,generation,N0
4454,8046,8043,transformer,T7_structural,500.0,18.0,500.0,NORTH,248.7,746.1,497.4,3.0,Major Transformer 3x,55.0,0.0,-96.08704033333332,31.83128633333333,-96.08704033333332,31.83128633333333,233.39538545789952,77.79846181929985,True,ALL,generation,N0
4455,8047,8043,transformer,T7_structural,500.0,18.0,500.0,NORTH,233.5,700.5,467.0,3.0,Major Transformer 3x,55.0,0.0,-96.08704033333332,31.83128633333333,-96.08704033333332,31.83128633333333,226.70865397284567,75.56955132428186,True,ALL,generation,N0
4456,8048,8043,transformer,T7_structural,500.0,18.0,500.0,NORTH,225.5,676.5,451.0,3.0,Major Transformer 3x,55.0,0.0,-96.08704033333332,31.83128633333333,-96.08704033333332,31.83128633333333,215.4038792267276,71.8012930755759,True,ALL,generation,N0
4457,8049,8043,transformer,T7_structural,500.0,18.0,500.0,NORTH,253.7,761.1,507.4,3.0,Major Transformer 3x,55.0,0.0,-96.08704033333332,31.83128633333333,-96.08704033333332,31.83128633333333,215.69023374707535,71.8967445823585,True,ALL,generation,N0
4458,8050,8043,transformer,T7_structural,500.0,18.0,500.0,NORTH,236.4,709.2,472.8,3.0,Major Transformer 3x,55.0,0.0,-96.08704033333332,31.83128633333333,-96.08704033333332,31.83128633333333,224.8448446456886,74.94828154856286,True,ALL,generation,N0
4459,8051,8043,transformer,T7_structural,500.0,18.0,500.0,NORTH,261.4,784.2,522.8,3.0,Major Transformer 3x,55.0,0.0,-96.08704033333332,31.83128633333333,-96.08704033333332,31.83128633333333,206.338817092337,68.77960569744569,True,ALL,generation,N0
4466,8045,8091,line,T7_structural,115.0,115.0,115.0,NORTH,262.0,655.0,393.0,2.5,New Corridor/Aggressive Parallel,140.602,22.8,-96.08704033333332,31.83128633333333,-96.467327,31.896737,207.800545159366,97.463573361577,True,ALL,generation,N0
4472,8054,8092,line,T4_light,115.0,115.0,115.0,NORTH,98.0,137.2,39.2,1.4,Reconductor(ACSR->ACSS),11.415,10.3,-96.009175,31.473728,-95.863721,31.557267,105.80996096686444,70.82540314891976,True,ALL,generation,N0
4473,8132,8054,line,T5_moderate,115.0,115.0,115.0,NORTH,98.0,171.5,73.5,1.75,HTLS Reconductor,25.356,13.0,-96.229757,31.4789,-96.009175,31.473728,122.29975688523167,66.08306304391722,True,ALL,generation,N0
4500,8068,8067,transformer,T4_light,500.0,230.0,500.0,NORTH,343.0,514.5,171.5,1.5,Transformer Replace 1.5x,20.0,0.0,-96.202639,31.37571,-96.202639,31.37571,102.11702614847805,83.71119168920612,True,ALL,generation,N0
4501,8068,8067,transformer,T4_light,500.0,230.0,500.0,NORTH,343.0,514.5,171.5,1.5,Transformer Replace 1.5x,20.0,0.0,-96.202639,31.37571,-96.202639,31.37571,102.11702614847805,83.71119168920612,True,ALL,generation,N0
4502,8070,8067,transformer,T7_structural,500.0,13.8,500.0,NORTH,1254.5,3763.5,2509.0,3.0,Major Transformer 3x,55.0,0.0,-96.202639,31.37571,-96.202639,31.37571,205.998051217736,68.6660170725787,True,ALL,generation,N0
4504,8069,8068,transformer,T6_heavy,230.0,115.0,230.0,NORTH,143.0,286.0,143.0,2.0,Parallel Transformer 2x,17.0,0.0,-96.202639,31.37571,-96.202639,31.37571,136.89278626693164,108.38054911522676,False,ALL,generation,N0
4506,8069,8103,line,T5_moderate,115.0,115.0,115.0,NORTH,149.0,260.8,111.8,1.75,HTLS Reconductor,58.5,0.0,-96.202639,31.37571,-96.202639,31.37571,116.9827344756917,108.20020902195031,False,ALL,generation,N0
4540,8091,8109,line,T5_moderate,115.0,115.0,115.0,NORTH,262.0,458.5,196.5,1.75,HTLS Reconductor,78.802,40.4,-96.467327,31.896737,-95.8568275,32.169178,113.99737168795876,44.65084768193279,True,ALL,generation,N0
4541,12921,8091,transformer,T7_structural,115.0,20.0,115.0,NORTH,321.0,963.0,642.0,3.0,Major Transformer 3x,11.0,0.0,-96.467327,31.896737,-96.467327,31.896737,266.34907854828367,88.78302618276135,True,ALL,generation,N0
4583,8109,8123,line,T4_light,115.0,115.0,115.0,NORTH,98.0,137.2,39.2,1.4,Reconductor(ACSR->ACSS),10.662,9.6,-95.8568275,32.169178,-96.01423,32.12747,106.64832332975712,41.79487198147106,True,ALL,generation,N0
4594,8118,8151,line,T5_moderate,115.0,115.0,115.0,NORTH,98.0,171.5,73.5,1.75,HTLS Reconductor,40.304,20.7,-95.255739,31.188898,-95.481652,31.417425,117.87530773428432,52.93100597638177,True,ALL,generation,N0
4674,12557,12556,transformer,T7_structural,500.0,20.0,500.0,NORTH,300.8,902.4,601.6,3.0,Major Transformer 3x,55.0,0.0,-97.93385,33.07965,-97.93385,33.07965,244.1426563075858,81.38088543586197,True,ALL,generation,N0
4739,12614,12613,transformer,T5_moderate,500.0,20.0,500.0,SOUTH,260.5,455.9,195.4,1.75,Transformer Replace 1.75x,27.5,0.0,-98.3721,30.558,-98.3721,30.558,118.71569296989767,67.83753883994153,True,ALL,generation,N0
4740,12615,12613,transformer,T4_light,500.0,20.0,500.0,SOUTH,235.9,353.9,118.0,1.5,Transformer Replace 1.5x,20.0,0.0,-98.3721,30.558,-98.3721,30.558,103.0281902122139,68.68546014147593,True,ALL,generation,N0
4741,12616,12613,transformer,T6_heavy,500.0,20.0,500.0,SOUTH,238.9,477.8,238.9,2.0,Parallel Transformer 2x,40.0,0.0,-98.3721,30.558,-98.3721,30.558,125.07937880747762,62.53968940373881,True,ALL,generation,N0
4859,12737,12736,transformer,T7_structural,500.0,20.0,500.0,NORTH,539.0,1617.0,1078.0,3.0,Major Transformer 3x,55.0,0.0,-99.091918,33.9776965,-99.091918,33.9776965,217.62069341614836,72.54023113871611,True,ALL,generation,N0
4871,12754,12937,line,T4_light,161.0,161.0,161.0,NORTH,371.0,519.4,148.4,1.4,Reconductor(ACSR->ACSS),40.95,0.0,-99.695954,33.73925199999999,-99.695954,33.73925199999999,104.96423834325496,75.24997596115132,True,ALL,generation,N0
4872,12754,12945,line,T7_structural,161.0,161.0,161.0,NORTH,256.5,641.2,384.8,2.5,New Corridor/Aggressive Parallel,476.201,63.7,-99.695954,33.73925199999999,-100.4547365,34.413879,484.16036843245206,193.66414737298095,False,ALL,generation,N0
4873,12754,12978,line,T4_light,161.0,161.0,161.0,NORTH,214.6,300.4,85.8,1.4,Reconductor(ACSR->ACSS),15.158,11.1,-99.695954,33.73925199999999,-99.58229,33.609313,106.65998971113632,76.87846568872835,True,ALL,generation,N0
5069,13009,13008,transformer,T4_light,115.0,20.0,115.0,NORTH,248.4,372.6,124.2,1.5,Transformer Replace 1.5x,3.0,0.0,-96.091337,30.651189,-96.091337,30.651189,101.11390645560192,67.40927097040128,True,ALL,generation,N0
5162,13123,13122,transformer,T6_heavy,115.0,20.0,115.0,HOUSTON,271.9,543.8,271.9,2.0,Parallel Transformer 2x,7.5,0.0,-96.70457766666668,28.589903333333336,-96.70457766666668,28.589903333333336,145.6234503102011,72.81172515510056,True,ALL,generation,N0
5180,13140,13214,line,T4_light,115.0,115.0,115.0,WEST,107.5,150.5,43.0,1.4,Reconductor(ACSR->ACSS),120.367,108.9,-100.938705,32.130795,-102.39869175,31.160862,105.50575772822413,75.85798572771662,True,ALL,generation,N0
5238,13220,13222,line,T7_structural,115.0,115.0,115.0,WEST,157.2,393.0,235.8,2.5,New Corridor/Aggressive Parallel,641.756,103.9,-100.938705,32.130795,-99.5687984,33.0957078,152.40206988865145,64.95071041389481,True,ALL,generation,N0
5263,13267,13266,transformer,T7_structural,161.0,20.0,161.0,NORTH,195.0,585.0,390.0,3.0,Major Transformer 3x,16.0,0.0,-97.466582,33.243525500000004,-97.466582,33.243525500000004,192.14576404322816,64.0485880144094,True,ALL,generation,N0
