year,case,lmp,lmp_capped,ref,congestion,scarcity,lmp_max,snaps_over_cap,snaps_any_bus_over_cap,n_snapshots
2019,baseline,20.6346,20.6346,12.1477,8.487,0.0,628.5211,0,0,1464
2019,gen_storage,63.0113,36.7823,-122.1563,158.9386,26.229,5000009.2077,1,147,1464
2019,full_tx,49.0659,27.7001,15.8917,11.8084,21.3658,36722.467,1,1,1464
2020,baseline,19.2664,19.2664,9.1162,10.1502,0.0,1072.6214,0,0,1464
2020,gen_storage,59.0221,35.6528,-46.8819,82.5347,23.3693,5000010.89,4,136,1464
2020,full_tx,48.7335,26.726,13.6683,13.0577,22.0075,37219.0034,1,1,1464
2021,baseline,37.4587,37.4587,19.1906,18.2681,0.0,320.0937,0,0,1464
2021,gen_storage,77.0541,65.703,-125.8025,191.5055,11.3511,5000010.8864,2,343,1464
2021,full_tx,66.2432,52.7923,33.7351,19.0573,13.4508,20248.441,3,3,1464
2022,baseline,60.6225,60.6225,33.8896,26.7329,0.0,306.3016,0,0,1464
2022,gen_storage,103.6169,84.7582,-108.993,193.7512,18.8587,5000010.6434,3,283,1464
2022,full_tx,85.0176,76.7009,54.9129,21.788,8.3166,16354.4989,3,3,1464
2023,baseline,26.4313,26.4313,8.938,17.4933,0.0,747.921,0,0,1464
2023,gen_storage,169.8629,39.8698,-76.3892,116.2589,129.9931,5000009.5958,2,407,1464
2023,full_tx,52.2783,37.6679,21.8537,15.8143,14.6104,25112.4064,3,3,1464
