year,case,load_TWh,unserved_MWh,unserved_pct_of_load,unserved_peak_MW,snaps_with_shedding,n_snapshots,lmp_mean,lmp_max,pct_bushours_over_cap,snaps_any_bus_over_cap
2019,baseline,215.246544,0.000674,0.0,0.0,0,1464,20.153534,628.52115,0.0,0
2019,dispatch,373.167404,35392345.537182,9.484308,29481.104959,1464,1464,2419865.085971,5000010.552078,87.606963,1464
2019,gen_storage,373.167404,87332.275359,0.023403,2232.357869,1464,1464,745.159687,5000009.207745,0.259338,147
2019,full_tx,373.167404,0.002611,0.0,1e-06,0,1464,49.500268,36722.466954,0.068306,1
2020,baseline,210.617204,0.000135,0.0,0.0,0,1464,18.64275,1072.621418,0.0,0
2020,dispatch,368.477432,35897938.369502,9.742235,31335.093116,1464,1464,2446432.792982,5000010.890473,88.064088,1464
2020,gen_storage,368.477432,320.841229,8.7e-05,101.155499,11,1464,128.03857,5000010.889996,0.291239,136
2020,full_tx,368.477432,0.003706,0.0,1e-06,0,1464,48.993841,37219.003423,0.068306,1
2021,baseline,218.378678,4e-06,0.0,0.0,0,1464,36.175907,320.093727,0.0,0
2021,dispatch,376.299537,37148541.523928,9.872067,29474.949429,1464,1464,2631097.610725,5000010.886361,89.171621,1464
2021,gen_storage,376.299537,36149.234954,0.009607,2345.923456,1464,1464,395.025497,5000010.886356,0.338528,343
2021,full_tx,376.299537,0.001232,0.0,0.0,0,1464,66.427642,20248.440954,0.204918,3
2022,baseline,238.558718,0.001968,0.0,0.0,0,1464,58.79921,306.301556,0.0,0
2022,dispatch,396.479577,46053819.953871,11.615685,32773.678833,1464,1464,2955934.324685,5000010.643441,91.46325,1464
2022,gen_storage,396.479577,16246.626523,0.004098,1537.545593,1464,1464,320.79048,5000010.643435,0.216177,283
2022,full_tx,396.479577,0.00368,0.0,1e-06,0,1464,85.208932,16354.498852,0.204918,3
2023,baseline,255.334592,0.001063,0.0,0.0,0,1464,25.416595,747.920998,0.0,0
2023,dispatch,413.255452,55557231.887704,13.443799,37273.015083,1464,1464,3377226.778254,5000010.840661,93.939155,1464
2023,gen_storage,413.255452,173212.456526,0.041914,1610.679713,1464,1464,6887.945505,5000009.595834,0.369678,407
2023,full_tx,413.255452,0.094862,0.0,3e-05,1464,1464,52.476362,25112.406443,0.188029,3
