year,case,location,asset_type,carrier,zone,bus,bus_x,bus_y,added_mw
2023,all2030_full_tx,ALL_2030,generation,OCGT,NORTH,p485030 0,-98.74973333333332,33.25606666666667,10828.9
2023,all2030_full_tx,ALL_2030,generation,OCGT,NORTH,p482130 0,-95.9022875,32.1830875,2746.1
2023,all2030_full_tx,ALL_2030,generation,OCGT,NORTH,p484410 0,-99.90521428571428,32.34412857142857,1134.7
2023,all2030_full_tx,ALL_2030,generation,OCGT,NORTH,p481810 0,-96.68449333333334,33.62884666666667,471.4
2023,all2030_full_tx,ALL_2030,generation,OCGT,NORTH,p484850 0,-98.5616125,33.9406375,305.5
2023,all2030_full_tx,ALL_2030,generation,OCGT,NORTH,p481210 0,-97.07801666666668,33.15011527777778,242.7
2023,all2030_full_tx,ALL_2030,generation,OCGT,NORTH,p482510 0,-97.289775,32.40675,0.3
2023,all2030_full_tx,ALL_2030,generation,OCGT,SOUTH,p480210 0,-97.34801428571429,30.12655714285714,14087.8
2023,all2030_full_tx,ALL_2030,generation,OCGT,SOUTH,p484910 0,-97.65419861111113,30.58436944444444,1129.0
2023,all2030_full_tx,ALL_2030,generation,OCGT,SOUTH,p482490 0,-98.06795,27.82305,359.8
2023,all2030_full_tx,ALL_2030,generation,OCGT,SOUTH,p482150 0,-98.18452023809525,26.2596,100.4
2023,all2030_full_tx,ALL_2030,generation,OCGT,WEST,p484150 0,-100.902,32.74866,1099.8
2023,all2030_full_tx,ALL_2030,generation,OCGT,WEST,p484650 0,-100.9945,29.59785,428.9
2023,all2030_full_tx,ALL_2030,generation,solar,WEST,p480450 0,-101.287,34.4575,7.1
2023,all2030_full_tx,ALL_2030,generation,OCGT,WEST,p483710 0,-102.442875,30.927225,0.5
