case_id,year,dc_scenario,mode,location,case,asset_type,powerworld_action,component,carrier,zone,name,from_bus,to_bus,base_mw,new_mw,added_mw,capex_musd,recover_mode,from_kv,to_kv,high_kV,tier,rate_factor,upgrade_type,loading_before_pct,loading_after_pct,cleared,distance_mile,from_lon,from_lat,to_lon,to_lat
2023_all2030_dcfull_n0_ALL_2030,2023,all2030,full_tx,ALL_2030,all2030_dcfull_n0,transmission,upgrade_branch,line,AC,WEST,13220-13222,13220,13222,157.2,393.0,235.8,641.756,ALL,115.0,115.0,115.0,T7_structural,2.5,New Corridor/Aggressive Parallel,153.4,65.4,True,103.9,-100.938705,32.130795,-99.5687984,33.0957078
2023_all2030_dcfull_n0_ALL_2030,2023,all2030,full_tx,ALL_2030,all2030_dcfull_n0,transmission,upgrade_branch,line,AC,NORTH,12754-12945,12754,12945,256.5,641.2,384.8,476.201,ALL,161.0,161.0,161.0,T7_structural,2.5,New Corridor/Aggressive Parallel,484.2,193.7,False,63.7,-99.695954,33.73925199999999,-100.4547365,34.413879
2023_all2030_dcfull_n0_ALL_2030,2023,all2030,full_tx,ALL_2030,all2030_dcfull_n0,transmission,upgrade_branch,line,AC,NORTH,2014-13085,2014,13085,220.0,550.0,330.0,374.7,ALL,161.0,161.0,161.0,T7_structural,2.5,New Corridor/Aggressive Parallel,170.5,62.0,True,50.1,-100.4547365,34.413879,-100.883227,33.781077
2023_all2030_dcfull_n0_ALL_2030,2023,all2030,full_tx,ALL_2030,all2030_dcfull_n0,transmission,upgrade_branch,line,AC,SOUTH,6003-6107,6003,6107,2020.0,4444.0,2424.0,340.086,ALL,500.0,500.0,500.0,T6_heavy,2.2,New Parallel Circuit,133.6,80.9,True,38.8,-97.2711,30.146700000000003,-96.947291,30.633128
2023_all2030_dcfull_n0_ALL_2030,2023,all2030,full_tx,ALL_2030,all2030_dcfull_n0,transmission,upgrade_branch,line,AC,NORTH,2014-2029,2014,2029,187.0,467.5,280.5,337.154,ALL,161.0,161.0,161.0,T7_structural,2.5,New Corridor/Aggressive Parallel,330.7,152.7,False,45.1,-100.4547365,34.413879,-101.244172,34.371689
2023_all2030_dcfull_n0_ALL_2030,2023,all2030,full_tx,ALL_2030,all2030_dcfull_n0,transmission,upgrade_branch,line,AC,NORTH,5286-5112,5286,5112,150.0,375.0,225.0,254.906,ALL,161.0,161.0,161.0,T7_structural,2.5,New Corridor/Aggressive Parallel,202.6,98.2,True,34.1,-98.4123355,32.20698,-97.8826,32.001481
2023_all2030_dcfull_n0_ALL_2030,2023,all2030,full_tx,ALL_2030,all2030_dcfull_n0,transmission,upgrade_branch,line,AC,NORTH,2053-2088,2053,2088,352.9,882.2,529.4,252.234,ALL,161.0,161.0,161.0,T7_structural,2.5,New Corridor/Aggressive Parallel,182.7,75.8,True,33.7,-97.95612,33.520572,-98.540972,33.494167000000004
2023_all2030_dcfull_n0_ALL_2030,2023,all2030,full_tx,ALL_2030,all2030_dcfull_n0,transmission,upgrade_branch,line,AC,NORTH,2014-2008,2014,2008,187.0,467.5,280.5,230.324,ALL,161.0,161.0,161.0,T7_structural,2.5,New Corridor/Aggressive Parallel,195.8,65.1,True,30.8,-100.4547365,34.413879,-100.512868,34.857258
2023_all2030_dcfull_n0_ALL_2030,2023,all2030,full_tx,ALL_2030,all2030_dcfull_n0,transmission,upgrade_branch,line,AC,NORTH,5112-5318,5112,5318,242.8,607.0,364.2,225.301,ALL,161.0,161.0,161.0,T7_structural,2.5,New Corridor/Aggressive Parallel,259.6,96.1,True,30.1,-97.8826,32.001481,-97.69946625,32.40925625
2023_all2030_dcfull_n0_ALL_2030,2023,all2030,full_tx,ALL_2030,all2030_dcfull_n0,transmission,upgrade_branch,line,AC,NORTH,5088-5407,5088,5407,221.7,554.2,332.6,224.25,ALL,161.0,161.0,161.0,T7_structural,2.5,New Corridor/Aggressive Parallel,187.6,102.3,False,0.0,-97.46203133333334,31.819786000000004,-97.46203133333334,31.819786000000004
2023_all2030_dcfull_n0_ALL_2030,2023,all2030,full_tx,ALL_2030,all2030_dcfull_n0,transmission,upgrade_branch,line,AC,NORTH,5261-5246,5261,5246,251.0,627.5,376.5,224.25,ALL,161.0,161.0,161.0,T7_structural,2.5,New Corridor/Aggressive Parallel,198.6,71.5,True,0.0,-97.790381,32.253423999999995,-97.790381,32.253423999999995
2023_all2030_dcfull_n0_ALL_2030,2023,all2030,full_tx,ALL_2030,all2030_dcfull_n0,transmission,upgrade_branch,line,AC,WEST,13140-13214,13140,13214,107.5,188.1,80.6,212.412,ALL,115.0,115.0,115.0,T5_moderate,1.75,HTLS Reconductor,119.5,67.4,True,108.9,-100.938705,32.130795,-102.39869175,31.160862
2023_all2030_dcfull_n0_ALL_2030,2023,all2030,full_tx,ALL_2030,all2030_dcfull_n0,transmission,upgrade_branch,line,AC,NORTH,2068-2067,2068,2067,251.0,627.5,376.5,209.739,ALL,161.0,161.0,161.0,T7_structural,2.5,New Corridor/Aggressive Parallel,311.6,110.7,False,28.1,-98.360833,33.509722,-98.50555385714286,33.89755828571428
2023_all2030_dcfull_n0_ALL_2030,2023,all2030,full_tx,ALL_2030,all2030_dcfull_n0,transmission,upgrade_branch,line,AC,NORTH,5005-5046,5005,5046,214.7,536.8,322.1,192.69,ALL,161.0,161.0,161.0,T7_structural,2.5,New Corridor/Aggressive Parallel,763.4,329.1,False,25.8,-98.008849,32.527015,-98.187624,32.1858615
2023_all2030_dcfull_n0_ALL_2030,2023,all2030,full_tx,ALL_2030,all2030_dcfull_n0,transmission,upgrade_branch,line,AC,NORTH,5112-5133,5112,5133,187.0,467.5,280.5,187.426,ALL,161.0,161.0,161.0,T7_structural,2.5,New Corridor/Aggressive Parallel,1217.8,472.7,False,25.1,-97.8826,32.001481,-97.924354,32.362649
2023_all2030_dcfull_n0_ALL_2030,2023,all2030,full_tx,ALL_2030,all2030_dcfull_n0,transmission,upgrade_branch,line,AC,NORTH,5414-5471,5414,5471,187.0,467.5,280.5,179.248,ALL,161.0,161.0,161.0,T7_structural,2.5,New Corridor/Aggressive Parallel,166.5,58.5,True,24.0,-98.2935895,32.711098,-98.377389,32.371306
2023_all2030_dcfull_n0_ALL_2030,2023,all2030,full_tx,ALL_2030,all2030_dcfull_n0,transmission,upgrade_branch,line,AC,NORTH,5055-12637,5055,12637,2173.8,3804.2,1630.4,165.75,ALL,500.0,500.0,500.0,T5_moderate,1.75,HTLS Reconductor,122.9,69.6,True,0.0,-98.7321385,33.1268065,-98.7321385,33.1268065
2023_all2030_dcfull_n0_ALL_2030,2023,all2030,full_tx,ALL_2030,all2030_dcfull_n0,transmission,upgrade_branch,line,AC,NORTH,2029-12632,2029,12632,218.7,546.8,328.1,151.296,ALL,161.0,161.0,161.0,T7_structural,2.5,New Corridor/Aggressive Parallel,159.3,88.7,True,20.2,-101.244172,34.371689,-101.59661,34.4067
2023_all2030_dcfull_n0_ALL_2030,2023,all2030,full_tx,ALL_2030,all2030_dcfull_n0,transmission,upgrade_branch,line,AC,NORTH,2070-5237,2070,5237,245.0,612.5,367.5,150.749,ALL,161.0,161.0,161.0,T7_structural,2.5,New Corridor/Aggressive Parallel,281.8,123.1,False,20.2,-98.540972,33.494167000000004,-98.81875,33.316907
2023_all2030_dcfull_n0_ALL_2030,2023,all2030,full_tx,ALL_2030,all2030_dcfull_n0,transmission,upgrade_branch,line,AC,NORTH,5435-5471,5435,5471,187.0,467.5,280.5,148.19,ALL,161.0,161.0,161.0,T7_structural,2.5,New Corridor/Aggressive Parallel,593.3,224.5,False,19.8,-98.17276,32.600503,-98.377389,32.371306
2023_all2030_dcfull_n0_ALL_2030,2023,all2030,full_tx,ALL_2030,all2030_dcfull_n0,transmission,upgrade_branch,line,AC,NORTH,5112-5246,5112,5246,187.0,467.5,280.5,136.231,ALL,161.0,161.0,161.0,T7_structural,2.5,New Corridor/Aggressive Parallel,328.5,113.4,False,18.2,-97.8826,32.001481,-97.790381,32.253423999999995
2023_all2030_dcfull_n0_ALL_2030,2023,all2030,full_tx,ALL_2030,all2030_dcfull_n0,transmission,upgrade_branch,line,AC,NORTH,5191-5407,5191,5407,187.0,467.5,280.5,119.675,ALL,161.0,161.0,161.0,T7_structural,2.5,New Corridor/Aggressive Parallel,185.2,106.6,False,16.0,-97.710123,31.916215,-97.46203133333334,31.819786000000004
2023_all2030_dcfull_n0_ALL_2030,2023,all2030,full_tx,ALL_2030,all2030_dcfull_n0,transmission,upgrade_branch,line,AC,WEST,3023-3115,3023,3115,135.0,297.0,162.0,116.851,ALL,115.0,115.0,115.0,T6_heavy,2.2,New Parallel Circuit,137.8,89.7,True,39.1,-99.850964,32.940911,-100.524167,32.969722
2023_all2030_dcfull_n0_ALL_2030,2023,all2030,full_tx,ALL_2030,all2030_dcfull_n0,transmission,upgrade_branch,line,AC,NORTH,2029-13055,2029,13055,242.3,533.1,290.8,113.1,ALL,161.0,161.0,161.0,T6_heavy,2.2,New Parallel Circuit,125.0,52.7,True,0.0,-101.244172,34.371689,-101.244172,34.371689
2023_all2030_dcfull_n0_ALL_2030,2023,all2030,full_tx,ALL_2030,all2030_dcfull_n0,transmission,upgrade_branch,line,AC,NORTH,5402-12600,5402,12600,219.1,482.0,262.9,113.1,ALL,161.0,161.0,161.0,T6_heavy,2.2,New Parallel Circuit,125.6,75.8,True,0.0,-97.69946625,32.40925625,-97.69946625,32.40925625
2023_all2030_dcfull_n0_ALL_2030,2023,all2030,full_tx,ALL_2030,all2030_dcfull_n0,transmission,upgrade_branch,line,AC,NORTH,13237-13390,13237,13390,227.6,500.7,273.1,113.1,ALL,161.0,161.0,161.0,T6_heavy,2.2,New Parallel Circuit,133.7,73.0,True,0.0,-97.234707,33.503328,-97.234707,33.503328
2023_all2030_dcfull_n0_ALL_2030,2023,all2030,full_tx,ALL_2030,all2030_dcfull_n0,transmission,upgrade_branch,line,AC,SOUTH,6292-6254,6292,6254,2768.0,4844.0,2076.0,109.021,ALL,500.0,500.0,500.0,T5_moderate,1.75,HTLS Reconductor,111.5,59.6,True,19.7,-97.522552,30.119949,-97.77508287179488,30.30416587179487
2023_all2030_dcfull_n0_ALL_2030,2023,all2030,full_tx,ALL_2030,all2030_dcfull_n0,transmission,upgrade_branch,line,AC,WEST,3015-3127,3015,3127,98.0,245.0,147.0,99.01,ALL,115.0,115.0,115.0,T7_structural,2.5,New Corridor/Aggressive Parallel,189.7,107.9,False,16.0,-100.56760671428572,32.36118885714286,-100.2940896,32.3397188
2023_all2030_dcfull_n0_ALL_2030,2023,all2030,full_tx,ALL_2030,all2030_dcfull_n0,transmission,upgrade_branch,line,AC,NORTH,8118-8014,8118,8014,98.0,245.0,147.0,98.226,ALL,115.0,115.0,115.0,T7_structural,2.5,New Corridor/Aggressive Parallel,199.1,61.2,True,15.9,-95.255739,31.188898,-95.499937,31.092367
2023_all2030_dcfull_n0_ALL_2030,2023,all2030,full_tx,ALL_2030,all2030_dcfull_n0,transmission,upgrade_branch,line,AC,SOUTH,6254-6038,6254,6038,2020.0,2828.0,808.0,97.5,ALL,500.0,500.0,500.0,T4_light,1.4,Reconductor(ACSR->ACSS),107.6,64.6,True,0.0,-97.77508287179488,30.30416587179487,-97.77508287179488,30.30416587179487
2023_all2030_dcfull_n0_ALL_2030,2023,all2030,full_tx,ALL_2030,all2030_dcfull_n0,transmission,upgrade_branch,line,AC,HOUSTON,7246-7251,7246,7251,98.0,215.6,117.6,94.031,ALL,115.0,115.0,115.0,T6_heavy,2.2,New Parallel Circuit,130.7,81.3,True,31.4,-95.41128715217393,29.77727818478261,-95.833733,30.047619
2023_all2030_dcfull_n0_ALL_2030,2023,all2030,full_tx,ALL_2030,all2030_dcfull_n0,transmission,upgrade_branch,line,AC,WEST,3054-3125,3054,3125,122.3,269.1,146.8,93.795,ALL,115.0,115.0,115.0,T6_heavy,2.2,New Parallel Circuit,134.6,99.7,True,31.4,-100.1097475,32.1590745,-99.70613471428572,32.45867642857143
2023_all2030_dcfull_n0_ALL_2030,2023,all2030,full_tx,ALL_2030,all2030_dcfull_n0,transmission,upgrade_branch,line,AC,SOUTH,6116-6095,6116,6095,98.0,245.0,147.0,93.146,ALL,115.0,115.0,115.0,T7_structural,2.5,New Corridor/Aggressive Parallel,204.1,105.9,False,15.1,-97.35701,30.41477,-97.546124,30.560042
2023_all2030_dcfull_n0_ALL_2030,2023,all2030,full_tx,ALL_2030,all2030_dcfull_n0,transmission,upgrade_branch,line,AC,NORTH,5133-5005,5133,5005,187.0,467.5,280.5,92.536,ALL,161.0,161.0,161.0,T7_structural,2.5,New Corridor/Aggressive Parallel,1462.5,599.5,False,12.4,-97.924354,32.362649,-98.008849,32.527015
2023_all2030_dcfull_n0_ALL_2030,2023,all2030,full_tx,ALL_2030,all2030_dcfull_n0,transmission,upgrade_branch,line,AC,NORTH,5018-5055,5018,5055,2020.0,2828.0,808.0,91.903,ALL,500.0,500.0,500.0,T4_light,1.4,Reconductor(ACSR->ACSS),105.9,77.5,True,28.3,-98.244763,33.097641,-98.7321385,33.1268065
2023_all2030_dcfull_n0_ALL_2030,2023,all2030,full_tx,ALL_2030,all2030_dcfull_n0,transmission,upgrade_branch,line,AC,SOUTH,6075-6101,6075,6101,2020.0,3535.0,1515.0,90.63,ALL,500.0,500.0,500.0,T5_moderate,1.75,HTLS Reconductor,121.5,58.7,True,16.4,-96.7506,29.9172,-96.9945,30.02547
2023_all2030_dcfull_n0_ALL_2030,2023,all2030,full_tx,ALL_2030,all2030_dcfull_n0,transmission,upgrade_branch,line,AC,NORTH,5101-13018,5101,13018,188.4,329.7,141.3,87.633,ALL,161.0,161.0,161.0,T5_moderate,1.75,HTLS Reconductor,115.3,32.3,True,35.5,-98.6525545,31.8568005,-98.187624,32.1858615
2023_all2030_dcfull_n0_ALL_2030,2023,all2030,full_tx,ALL_2030,all2030_dcfull_n0,transmission,upgrade_branch,line,AC,NORTH,5191-5112,5191,5112,187.0,467.5,280.5,87.473,ALL,161.0,161.0,161.0,T7_structural,2.5,New Corridor/Aggressive Parallel,401.3,160.3,False,11.7,-97.710123,31.916215,-97.8826,32.001481
2023_all2030_dcfull_n0_ALL_2030,2023,all2030,full_tx,ALL_2030,all2030_dcfull_n0,transmission,upgrade_branch,line,AC,NORTH,5169-5471,5169,5471,187.0,467.5,280.5,86.231,ALL,161.0,161.0,161.0,T7_structural,2.5,New Corridor/Aggressive Parallel,225.0,108.2,False,11.5,-98.4123355,32.20698,-98.377389,32.371306
2023_all2030_dcfull_n0_ALL_2030,2023,all2030,full_tx,ALL_2030,all2030_dcfull_n0,transmission,upgrade_branch,line,AC,NORTH,2008-13149,2008,13149,226.2,395.8,169.6,80.854,ALL,161.0,161.0,161.0,T5_moderate,1.75,HTLS Reconductor,120.6,59.2,True,32.7,-100.512868,34.857258,-100.934408,35.18172
2023_all2030_dcfull_n0_ALL_2030,2023,all2030,full_tx,ALL_2030,all2030_dcfull_n0,transmission,upgrade_branch,line,AC,NORTH,5005-5435,5005,5435,187.0,467.5,280.5,80.815,ALL,161.0,161.0,161.0,T7_structural,2.5,New Corridor/Aggressive Parallel,590.9,223.6,False,10.8,-98.008849,32.527015,-98.17276,32.600503
2023_all2030_dcfull_n0_ALL_2030,2023,all2030,full_tx,ALL_2030,all2030_dcfull_n0,transmission,upgrade_branch,line,AC,HOUSTON,7432-8003,7432,8003,98.0,245.0,147.0,78.701,ALL,115.0,115.0,115.0,T7_structural,2.5,New Corridor/Aggressive Parallel,211.7,120.5,False,12.7,-95.905344,30.953672,-95.934344,31.136452
2023_all2030_dcfull_n0_ALL_2030,2023,all2030,full_tx,ALL_2030,all2030_dcfull_n0,transmission,upgrade_branch,line,AC,NORTH,5014-13266,5014,13266,186.5,326.4,139.9,74.1,ALL,161.0,161.0,161.0,T5_moderate,1.75,HTLS Reconductor,118.0,66.0,True,0.0,-97.466582,33.243525500000004,-97.466582,33.243525500000004
2023_all2030_dcfull_n0_ALL_2030,2023,all2030,full_tx,ALL_2030,all2030_dcfull_n0,transmission,upgrade_branch,line,AC,WEST,3032-3094,3032,3094,113.2,249.0,135.8,69.603,ALL,115.0,115.0,115.0,T6_heavy,2.2,New Parallel Circuit,133.1,92.5,True,23.3,-99.70613471428572,32.45867642857143,-100.09043266666669,32.36779933333333
2023_all2030_dcfull_n0_ALL_2030,2023,all2030,full_tx,ALL_2030,all2030_dcfull_n0,transmission,upgrade_branch,line,AC,HOUSTON,7432-8037,7432,8037,149.0,372.5,223.5,69.502,ALL,115.0,115.0,115.0,T7_structural,2.5,New Corridor/Aggressive Parallel,222.4,101.1,False,11.3,-95.905344,30.953672,-95.715509,30.959521
2023_all2030_dcfull_n0_ALL_2030,2023,all2030,full_tx,ALL_2030,all2030_dcfull_n0,transmission,upgrade_branch,line,AC,NORTH,5155-5135,5155,5135,279.0,613.8,334.8,68.639,ALL,161.0,161.0,161.0,T6_heavy,2.2,New Parallel Circuit,128.9,67.4,True,18.2,-98.666449,32.759373,-98.66402,32.495875
2023_all2030_dcfull_n0_ALL_2030,2023,all2030,full_tx,ALL_2030,all2030_dcfull_n0,transmission,upgrade_branch,line,AC,NORTH,5113-5195,5113,5195,251.0,552.2,301.2,64.424,ALL,161.0,161.0,161.0,T6_heavy,2.2,New Parallel Circuit,129.9,83.8,True,17.1,-97.3420515,33.318023,-97.173782,33.114675
2023_all2030_dcfull_n0_ALL_2030,2023,all2030,full_tx,ALL_2030,all2030_dcfull_n0,transmission,upgrade_branch,line,AC,WEST,3003-3141,3003,3141,176.0,308.0,132.0,58.5,ALL,115.0,115.0,115.0,T5_moderate,1.75,HTLS Reconductor,118.6,76.5,True,0.0,-100.2940896,32.3397188,-100.2940896,32.3397188
2023_all2030_dcfull_n0_ALL_2030,2023,all2030,full_tx,ALL_2030,all2030_dcfull_n0,transmission,upgrade_branch,line,AC,WEST,3038-3121,3038,3121,155.0,271.2,116.2,58.5,ALL,115.0,115.0,115.0,T5_moderate,1.75,HTLS Reconductor,114.9,68.4,True,0.0,-100.56760671428572,32.36118885714286,-100.56760671428572,32.36118885714286
2023_all2030_dcfull_n0_ALL_2030,2023,all2030,full_tx,ALL_2030,all2030_dcfull_n0,transmission,upgrade_branch,line,AC,SOUTH,6344-6353,6344,6353,107.3,187.8,80.5,58.5,ALL,115.0,115.0,115.0,T5_moderate,1.75,HTLS Reconductor,112.4,58.7,True,0.0,-97.677175,30.5341255,-97.677175,30.5341255
2023_all2030_dcfull_n0_ALL_2030,2023,all2030,full_tx,ALL_2030,all2030_dcfull_n0,transmission,upgrade_branch,line,AC,NORTH,5285-2053,5285,2053,291.0,640.2,349.2,57.454,ALL,161.0,161.0,161.0,T6_heavy,2.2,New Parallel Circuit,129.6,71.8,True,15.2,-97.857678,33.315883,-97.95612,33.520572
2023_all2030_dcfull_n0_ALL_2030,2023,all2030,full_tx,ALL_2030,all2030_dcfull_n0,transmission,upgrade_branch,line,AC,NORTH,8010-8001,8010,8001,149.0,372.5,223.5,55.037,ALL,115.0,115.0,115.0,T7_structural,2.5,New Corridor/Aggressive Parallel,154.5,85.4,True,8.9,-96.22928,31.235882,-96.13919,31.132442
2023_all2030_dcfull_n0_ALL_2030,2023,all2030,full_tx,ALL_2030,all2030_dcfull_n0,transmission,upgrade_branch,transformer,AC,NORTH,5046-5045,5046,5045,550.0,1650.0,1100.0,55.0,ALL,161.0,500.0,500.0,T7_structural,3.0,Major Transformer 3x,267.4,111.4,False,0.0,-98.187624,32.1858615,-98.187624,32.1858615
2023_all2030_dcfull_n0_ALL_2030,2023,all2030,full_tx,ALL_2030,all2030_dcfull_n0,transmission,upgrade_branch,transformer,AC,NORTH,5057-5055,5057,5055,448.0,1344.0,896.0,55.0,ALL,13.8,500.0,500.0,T7_structural,3.0,Major Transformer 3x,361.6,120.5,False,0.0,-98.7321385,33.1268065,-98.7321385,33.1268065
2023_all2030_dcfull_n0_ALL_2030,2023,all2030,full_tx,ALL_2030,all2030_dcfull_n0,transmission,upgrade_branch,transformer,AC,NORTH,5058-5055,5058,5055,354.7,1064.1,709.4,55.0,ALL,13.8,500.0,500.0,T7_structural,3.0,Major Transformer 3x,279.9,93.3,True,0.0,-98.7321385,33.1268065,-98.7321385,33.1268065
2023_all2030_dcfull_n0_ALL_2030,2023,all2030,full_tx,ALL_2030,all2030_dcfull_n0,transmission,upgrade_branch,transformer,AC,NORTH,5198-5196,5198,5196,183.7,551.1,367.4,55.0,ALL,18.0,500.0,500.0,T7_structural,3.0,Major Transformer 3x,339.2,113.1,False,0.0,-98.3737215,33.2411135,-98.3737215,33.2411135
2023_all2030_dcfull_n0_ALL_2030,2023,all2030,full_tx,ALL_2030,all2030_dcfull_n0,transmission,upgrade_branch,transformer,AC,NORTH,5237-5236,5237,5236,287.0,861.0,574.0,55.0,ALL,161.0,500.0,500.0,T7_structural,3.0,Major Transformer 3x,240.6,87.6,True,0.0,-98.81875,33.316907,-98.81875,33.316907
2023_all2030_dcfull_n0_ALL_2030,2023,all2030,full_tx,ALL_2030,all2030_dcfull_n0,transmission,upgrade_branch,transformer,AC,NORTH,5238-5236,5238,5236,246.6,739.8,493.2,55.0,ALL,18.0,500.0,500.0,T7_structural,3.0,Major Transformer 3x,333.5,111.2,False,0.0,-98.81875,33.316907,-98.81875,33.316907
2023_all2030_dcfull_n0_ALL_2030,2023,all2030,full_tx,ALL_2030,all2030_dcfull_n0,transmission,upgrade_branch,transformer,AC,SOUTH,6006-6003,6006,6003,412.4,1237.2,824.8,55.0,ALL,13.8,500.0,500.0,T7_structural,3.0,Major Transformer 3x,529.4,176.5,False,0.0,-97.2711,30.146700000000003,-97.2711,30.146700000000003
2023_all2030_dcfull_n0_ALL_2030,2023,all2030,full_tx,ALL_2030,all2030_dcfull_n0,transmission,upgrade_branch,transformer,AC,SOUTH,6007-6003,6007,6003,197.4,592.2,394.8,55.0,ALL,13.8,500.0,500.0,T7_structural,3.0,Major Transformer 3x,461.8,153.9,False,0.0,-97.2711,30.146700000000003,-97.2711,30.146700000000003
2023_all2030_dcfull_n0_ALL_2030,2023,all2030,full_tx,ALL_2030,all2030_dcfull_n0,transmission,upgrade_branch,transformer,AC,SOUTH,6008-6003,6008,6003,192.7,578.1,385.4,55.0,ALL,13.8,500.0,500.0,T7_structural,3.0,Major Transformer 3x,473.0,157.7,False,0.0,-97.2711,30.146700000000003,-97.2711,30.146700000000003
2023_all2030_dcfull_n0_ALL_2030,2023,all2030,full_tx,ALL_2030,all2030_dcfull_n0,transmission,upgrade_branch,transformer,AC,SOUTH,6295-6292,6295,6292,359.9,1079.7,719.8,55.0,ALL,13.8,500.0,500.0,T7_structural,3.0,Major Transformer 3x,413.7,137.9,False,0.0,-97.522552,30.119949,-97.522552,30.119949
2023_all2030_dcfull_n0_ALL_2030,2023,all2030,full_tx,ALL_2030,all2030_dcfull_n0,transmission,upgrade_branch,transformer,AC,SOUTH,6296-6292,6296,6292,255.1,765.3,510.2,55.0,ALL,13.8,500.0,500.0,T7_structural,3.0,Major Transformer 3x,442.2,147.4,False,0.0,-97.522552,30.119949,-97.522552,30.119949
2023_all2030_dcfull_n0_ALL_2030,2023,all2030,full_tx,ALL_2030,all2030_dcfull_n0,transmission,upgrade_branch,transformer,AC,NORTH,8046-8043,8046,8043,248.7,746.1,497.4,55.0,ALL,18.0,500.0,500.0,T7_structural,3.0,Major Transformer 3x,163.2,54.4,True,0.0,-96.08704033333332,31.83128633333333,-96.08704033333332,31.83128633333333
2023_all2030_dcfull_n0_ALL_2030,2023,all2030,full_tx,ALL_2030,all2030_dcfull_n0,transmission,upgrade_branch,transformer,AC,NORTH,8047-8043,8047,8043,233.5,700.5,467.0,55.0,ALL,18.0,500.0,500.0,T7_structural,3.0,Major Transformer 3x,157.6,52.5,True,0.0,-96.08704033333332,31.83128633333333,-96.08704033333332,31.83128633333333
2023_all2030_dcfull_n0_ALL_2030,2023,all2030,full_tx,ALL_2030,all2030_dcfull_n0,transmission,upgrade_branch,transformer,AC,NORTH,8049-8043,8049,8043,253.7,761.1,507.4,55.0,ALL,18.0,500.0,500.0,T7_structural,3.0,Major Transformer 3x,151.1,50.4,True,0.0,-96.08704033333332,31.83128633333333,-96.08704033333332,31.83128633333333
2023_all2030_dcfull_n0_ALL_2030,2023,all2030,full_tx,ALL_2030,all2030_dcfull_n0,transmission,upgrade_branch,transformer,AC,SOUTH,12622-12621,12622,12621,236.7,710.1,473.4,55.0,ALL,20.0,500.0,500.0,T7_structural,3.0,Major Transformer 3x,481.5,160.5,False,0.0,-97.2711,30.146700000000003,-97.2711,30.146700000000003
2023_all2030_dcfull_n0_ALL_2030,2023,all2030,full_tx,ALL_2030,all2030_dcfull_n0,transmission,upgrade_branch,transformer,AC,SOUTH,12623-12621,12623,12621,210.1,630.3,420.2,55.0,ALL,20.0,500.0,500.0,T7_structural,3.0,Major Transformer 3x,535.2,178.4,False,0.0,-97.2711,30.146700000000003,-97.2711,30.146700000000003
2023_all2030_dcfull_n0_ALL_2030,2023,all2030,full_tx,ALL_2030,all2030_dcfull_n0,transmission,upgrade_branch,transformer,AC,SOUTH,12624-12621,12624,12621,233.7,701.1,467.4,55.0,ALL,20.0,500.0,500.0,T7_structural,3.0,Major Transformer 3x,462.1,154.0,False,0.0,-97.2711,30.146700000000003,-97.2711,30.146700000000003
2023_all2030_dcfull_n0_ALL_2030,2023,all2030,full_tx,ALL_2030,all2030_dcfull_n0,transmission,upgrade_branch,transformer,AC,NORTH,12638-12637,12638,12637,594.8,1784.4,1189.6,55.0,ALL,20.0,500.0,500.0,T7_structural,3.0,Major Transformer 3x,380.9,127.0,False,0.0,-98.7321385,33.1268065,-98.7321385,33.1268065
2023_all2030_dcfull_n0_ALL_2030,2023,all2030,full_tx,ALL_2030,all2030_dcfull_n0,transmission,upgrade_branch,line,AC,NORTH,2126-13390,2126,13390,245.9,614.8,368.9,51.367,ALL,161.0,161.0,161.0,T7_structural,2.5,New Corridor/Aggressive Parallel,154.2,71.7,True,6.9,-97.128552,33.458028,-97.234707,33.503328
2023_all2030_dcfull_n0_ALL_2030,2023,all2030,full_tx,ALL_2030,all2030_dcfull_n0,transmission,upgrade_branch,line,AC,WEST,3064-3141,3064,3141,149.0,327.8,178.8,47.942,ALL,115.0,115.0,115.0,T6_heavy,2.2,New Parallel Circuit,130.9,79.1,True,16.0,-100.56760671428572,32.36118885714286,-100.2940896,32.3397188
2023_all2030_dcfull_n0_ALL_2030,2023,all2030,full_tx,ALL_2030,all2030_dcfull_n0,transmission,upgrade_branch,line,AC,NORTH,8086-8010,8086,8010,98.0,215.6,117.6,46.895,ALL,115.0,115.0,115.0,T6_heavy,2.2,New Parallel Circuit,125.6,85.8,True,15.7,-96.4866,31.1803,-96.22928,31.235882
2023_all2030_dcfull_n0_ALL_2030,2023,all2030,full_tx,ALL_2030,all2030_dcfull_n0,transmission,upgrade_branch,line,AC,NORTH,5060-8065,5060,8065,137.0,301.4,164.4,45.39,ALL,115.0,115.0,115.0,T6_heavy,2.2,New Parallel Circuit,130.2,70.4,True,15.2,-96.092445,32.357217500000004,-96.1482745,32.142643
2023_all2030_dcfull_n0_ALL_2030,2023,all2030,full_tx,ALL_2030,all2030_dcfull_n0,transmission,upgrade_branch,line,AC,NORTH,5290-5154,5290,5154,251.0,439.2,188.2,42.219,ALL,161.0,161.0,161.0,T5_moderate,1.75,HTLS Reconductor,112.0,43.5,True,17.1,-97.3667,31.8694,-97.343521,32.116002
2023_all2030_dcfull_n0_ALL_2030,2023,all2030,full_tx,ALL_2030,all2030_dcfull_n0,transmission,upgrade_branch,line,AC,NORTH,5064-5125,5064,5125,217.3,304.2,86.9,40.95,ALL,161.0,161.0,161.0,T4_light,1.4,Reconductor(ACSR->ACSS),105.8,72.7,True,0.0,-97.12502636363637,32.69967490909091,-97.12502636363637,32.69967490909091
2023_all2030_dcfull_n0_ALL_2030,2023,all2030,full_tx,ALL_2030,all2030_dcfull_n0,transmission,upgrade_branch,line,AC,NORTH,5227-5076,5227,5076,187.0,261.8,74.8,40.95,ALL,161.0,161.0,161.0,T4_light,1.4,Reconductor(ACSR->ACSS),107.1,68.4,True,0.0,-96.243079,32.788987000000006,-96.243079,32.788987000000006
2023_all2030_dcfull_n0_ALL_2030,2023,all2030,full_tx,ALL_2030,all2030_dcfull_n0,transmission,upgrade_branch,line,AC,NORTH,12754-12937,12754,12937,371.0,519.4,148.4,40.95,ALL,161.0,161.0,161.0,T4_light,1.4,Reconductor(ACSR->ACSS),109.0,78.3,True,0.0,-99.695954,33.73925199999999,-99.695954,33.73925199999999
2023_all2030_dcfull_n0_ALL_2030,2023,all2030,full_tx,ALL_2030,all2030_dcfull_n0,transmission,upgrade_branch,line,AC,NORTH,5274-5109,5274,5109,251.0,627.5,376.5,40.25,ALL,161.0,161.0,161.0,T7_structural,2.5,New Corridor/Aggressive Parallel,199.4,108.0,False,5.4,-96.674333,32.605192,-96.7651095,32.5902035
2023_all2030_dcfull_n0_ALL_2030,2023,all2030,full_tx,ALL_2030,all2030_dcfull_n0,transmission,upgrade_branch,transformer,AC,NORTH,8048-8043,8048,8043,225.5,451.0,225.5,40.0,ALL,18.0,500.0,500.0,T6_heavy,2.0,Parallel Transformer 2x,149.8,74.9,True,0.0,-96.08704033333332,31.83128633333333,-96.08704033333332,31.83128633333333
2023_all2030_dcfull_n0_ALL_2030,2023,all2030,full_tx,ALL_2030,all2030_dcfull_n0,transmission,upgrade_branch,line,AC,NORTH,2065-2044,2065,2044,187.0,327.2,140.2,36.887,ALL,161.0,161.0,161.0,T5_moderate,1.75,HTLS Reconductor,120.8,68.4,True,14.9,-97.17635,33.661583,-96.936121,33.743893
2023_all2030_dcfull_n0_ALL_2030,2023,all2030,full_tx,ALL_2030,all2030_dcfull_n0,transmission,upgrade_branch,line,AC,NORTH,5122-5308,5122,5308,251.0,439.2,188.2,36.875,ALL,161.0,161.0,161.0,T5_moderate,1.75,HTLS Reconductor,115.8,61.9,True,14.9,-96.80082027272728,32.808276409090915,-96.5458,32.8358
2023_all2030_dcfull_n0_ALL_2030,2023,all2030,full_tx,ALL_2030,all2030_dcfull_n0,transmission,upgrade_branch,line,AC,NORTH,5157-5376,5157,5376,233.5,408.6,175.1,36.782,ALL,161.0,161.0,161.0,T5_moderate,1.75,HTLS Reconductor,119.2,60.6,True,14.9,-96.864075,32.599427,-96.80082027272728,32.808276409090915
2023_all2030_dcfull_n0_ALL_2030,2023,all2030,full_tx,ALL_2030,all2030_dcfull_n0,transmission,upgrade_branch,line,AC,NORTH,8003-8001,8003,8001,149.0,327.8,178.8,36.233,ALL,115.0,115.0,115.0,T6_heavy,2.2,New Parallel Circuit,147.3,93.7,True,12.1,-95.934344,31.136452,-96.13919,31.132442
2023_all2030_dcfull_n0_ALL_2030,2023,all2030,full_tx,ALL_2030,all2030_dcfull_n0,transmission,upgrade_branch,line,AC,NORTH,5155-12636,5155,12636,294.0,411.6,117.6,35.042,ALL,161.0,161.0,161.0,T4_light,1.4,Reconductor(ACSR->ACSS),105.1,79.6,True,25.7,-98.666449,32.759373,-98.7321385,33.1268065
2023_all2030_dcfull_n0_ALL_2030,2023,all2030,full_tx,ALL_2030,all2030_dcfull_n0,transmission,upgrade_branch,line,AC,NORTH,5059-5426,5059,5426,251.0,552.2,301.2,33.665,ALL,161.0,161.0,161.0,T6_heavy,2.2,New Parallel Circuit,140.0,74.0,True,8.9,-96.092445,32.357217500000004,-96.245039,32.366686
2023_all2030_dcfull_n0_ALL_2030,2023,all2030,full_tx,ALL_2030,all2030_dcfull_n0,transmission,upgrade_branch,line,AC,WEST,3064-13366,3064,13366,121.0,169.4,48.4,33.15,ALL,115.0,115.0,115.0,T4_light,1.4,Reconductor(ACSR->ACSS),104.1,26.6,True,0.0,-100.56760671428572,32.36118885714286,-100.56760671428572,32.36118885714286
2023_all2030_dcfull_n0_ALL_2030,2023,all2030,full_tx,ALL_2030,all2030_dcfull_n0,transmission,upgrade_branch,line,AC,WEST,3077-3125,3077,3125,107.0,149.8,42.8,33.15,ALL,115.0,115.0,115.0,T4_light,1.4,Reconductor(ACSR->ACSS),107.9,58.0,True,0.0,-99.70613471428572,32.45867642857143,-99.70613471428572,32.45867642857143
2023_all2030_dcfull_n0_ALL_2030,2023,all2030,full_tx,ALL_2030,all2030_dcfull_n0,transmission,upgrade_branch,line,AC,SOUTH,6153-13418,6153,13418,119.3,167.0,47.7,33.15,ALL,115.0,115.0,115.0,T4_light,1.4,Reconductor(ACSR->ACSS),103.6,74.0,True,0.0,-98.5093816037736,29.474642000000003,-98.5093816037736,29.474642000000003
2023_all2030_dcfull_n0_ALL_2030,2023,all2030,full_tx,ALL_2030,all2030_dcfull_n0,transmission,upgrade_branch,line,AC,SOUTH,6275-6324,6275,6324,221.0,309.4,88.4,33.15,ALL,115.0,115.0,115.0,T4_light,1.4,Reconductor(ACSR->ACSS),106.4,76.5,True,0.0,-98.5093816037736,29.474642000000003,-98.5093816037736,29.474642000000003
2023_all2030_dcfull_n0_ALL_2030,2023,all2030,full_tx,ALL_2030,all2030_dcfull_n0,transmission,upgrade_branch,line,AC,SOUTH,6275-6324,6275,6324,221.0,309.4,88.4,33.15,ALL,115.0,115.0,115.0,T4_light,1.4,Reconductor(ACSR->ACSS),106.4,76.5,True,0.0,-98.5093816037736,29.474642000000003,-98.5093816037736,29.474642000000003
2023_all2030_dcfull_n0_ALL_2030,2023,all2030,full_tx,ALL_2030,all2030_dcfull_n0,transmission,upgrade_branch,line,AC,SOUTH,6324-6320,6324,6320,250.0,350.0,100.0,33.15,ALL,115.0,115.0,115.0,T4_light,1.4,Reconductor(ACSR->ACSS),108.6,78.0,True,0.0,-98.5093816037736,29.474642000000003,-98.5093816037736,29.474642000000003
2023_all2030_dcfull_n0_ALL_2030,2023,all2030,full_tx,ALL_2030,all2030_dcfull_n0,transmission,upgrade_branch,line,AC,NORTH,5034-5313,5034,5313,227.6,398.3,170.7,32.679,ALL,161.0,161.0,161.0,T5_moderate,1.75,HTLS Reconductor,113.3,82.5,True,13.2,-96.80082027272728,32.808276409090915,-96.695516,32.63852
2023_all2030_dcfull_n0_ALL_2030,2023,all2030,full_tx,ALL_2030,all2030_dcfull_n0,transmission,upgrade_branch,line,AC,NORTH,8118-8042,8118,8042,98.0,137.2,39.2,32.462,ALL,115.0,115.0,115.0,T4_light,1.4,Reconductor(ACSR->ACSS),101.0,58.6,True,29.4,-95.255739,31.188898,-94.758734,31.186933
2023_all2030_dcfull_n0_ALL_2030,2023,all2030,full_tx,ALL_2030,all2030_dcfull_n0,transmission,upgrade_branch,line,AC,NORTH,8111-8042,8111,8042,98.0,215.6,117.6,31.055,ALL,115.0,115.0,115.0,T6_heavy,2.2,New Parallel Circuit,128.8,50.0,True,10.4,-94.737065,31.33610733333333,-94.758734,31.186933
2023_all2030_dcfull_n0_ALL_2030,2023,all2030,full_tx,ALL_2030,all2030_dcfull_n0,transmission,upgrade_branch,line,AC,NORTH,8014-8037,8014,8037,149.0,260.8,111.8,30.657,ALL,115.0,115.0,115.0,T5_moderate,1.75,HTLS Reconductor,120.8,51.7,True,15.7,-95.499937,31.092367,-95.715509,30.959521
2023_all2030_dcfull_n0_ALL_2030,2023,all2030,full_tx,ALL_2030,all2030_dcfull_n0,transmission,upgrade_branch,line,AC,NORTH,5191-5151,5191,5151,187.0,327.2,140.2,28.92,ALL,161.0,161.0,161.0,T5_moderate,1.75,HTLS Reconductor,122.2,42.0,True,11.7,-97.710123,31.916215,-97.52976,31.988989
2023_all2030_dcfull_n0_ALL_2030,2023,all2030,full_tx,ALL_2030,all2030_dcfull_n0,transmission,upgrade_branch,line,AC,NORTH,5264-5471,5264,5471,251.0,439.2,188.2,28.104,ALL,161.0,161.0,161.0,T5_moderate,1.75,HTLS Reconductor,111.2,39.3,True,11.4,-98.552257,32.298594,-98.377389,32.371306
2023_all2030_dcfull_n0_ALL_2030,2023,all2030,full_tx,ALL_2030,all2030_dcfull_n0,transmission,upgrade_branch,transformer,AC,NORTH,5034-5033,5034,5033,1209.0,2115.8,906.8,27.5,ALL,161.0,500.0,500.0,T5_moderate,1.75,Transformer Replace 1.75x,120.4,84.3,True,0.0,-96.80082027272728,32.808276409090915,-96.80082027272728,32.808276409090915
2023_all2030_dcfull_n0_ALL_2030,2023,all2030,full_tx,ALL_2030,all2030_dcfull_n0,transmission,upgrade_branch,transformer,AC,NORTH,5088-12547,5088,12547,800.0,1400.0,600.0,27.5,ALL,161.0,500.0,500.0,T5_moderate,1.75,Transformer Replace 1.75x,113.3,69.4,True,0.0,-97.46203133333334,31.819786000000004,-97.46203133333334,31.819786000000004
2023_all2030_dcfull_n0_ALL_2030,2023,all2030,full_tx,ALL_2030,all2030_dcfull_n0,transmission,upgrade_branch,transformer,AC,NORTH,5449-5448,5449,5448,1267.0,2217.2,950.2,27.5,ALL,161.0,500.0,500.0,T5_moderate,1.75,Transformer Replace 1.75x,121.6,83.0,True,0.0,-97.010181,32.723688,-97.010181,32.723688
2023_all2030_dcfull_n0_ALL_2030,2023,all2030,full_tx,ALL_2030,all2030_dcfull_n0,transmission,upgrade_branch,transformer,AC,SOUTH,13332-6033,13332,6033,141.7,248.0,106.3,27.5,ALL,20.0,500.0,500.0,T5_moderate,1.75,Transformer Replace 1.75x,112.7,64.4,True,0.0,-97.57405,30.41217,-97.57405,30.41217
2023_all2030_dcfull_n0_ALL_2030,2023,all2030,full_tx,ALL_2030,all2030_dcfull_n0,transmission,upgrade_branch,transformer,AC,SOUTH,6255-6254,6255,6254,1526.0,2670.5,1144.5,27.5,ALL,230.0,500.0,500.0,T5_moderate,1.75,Transformer Replace 1.75x,112.4,73.7,True,0.0,-97.77508287179488,30.30416587179487,-97.77508287179488,30.30416587179487
2023_all2030_dcfull_n0_ALL_2030,2023,all2030,full_tx,ALL_2030,all2030_dcfull_n0,transmission,upgrade_branch,transformer,AC,SOUTH,6257-6254,6257,6254,215.3,376.8,161.5,27.5,ALL,13.8,500.0,500.0,T5_moderate,1.75,Transformer Replace 1.75x,112.3,64.2,True,0.0,-97.77508287179488,30.30416587179487,-97.77508287179488,30.30416587179487
2023_all2030_dcfull_n0_ALL_2030,2023,all2030,full_tx,ALL_2030,all2030_dcfull_n0,transmission,upgrade_branch,transformer,AC,SOUTH,6258-6254,6258,6254,198.4,347.2,148.8,27.5,ALL,13.8,500.0,500.0,T5_moderate,1.75,Transformer Replace 1.75x,110.7,63.3,True,0.0,-97.77508287179488,30.30416587179487,-97.77508287179488,30.30416587179487
2023_all2030_dcfull_n0_ALL_2030,2023,all2030,full_tx,ALL_2030,all2030_dcfull_n0,transmission,upgrade_branch,line,AC,NORTH,12754-12978,12754,12978,214.6,375.6,161.0,27.429,ALL,161.0,161.0,161.0,T5_moderate,1.75,HTLS Reconductor,116.8,65.6,True,11.1,-99.695954,33.73925199999999,-99.58229,33.609313
2023_all2030_dcfull_n0_ALL_2030,2023,all2030,full_tx,ALL_2030,all2030_dcfull_n0,transmission,upgrade_branch,line,AC,SOUTH,6183-6206,6183,6206,98.0,171.5,73.5,27.003,ALL,115.0,115.0,115.0,T5_moderate,1.75,HTLS Reconductor,110.4,55.6,True,13.8,-96.923038,30.167624,-96.840158,30.354823
2023_all2030_dcfull_n0_ALL_2030,2023,all2030,full_tx,ALL_2030,all2030_dcfull_n0,transmission,upgrade_branch,line,AC,WEST,1112-13300,1112,13300,122.5,269.5,147.0,26.447,ALL,115.0,115.0,115.0,T6_heavy,2.2,New Parallel Circuit,146.9,66.8,True,8.8,-101.014,32.239,-100.890668,32.313261999999995
2023_all2030_dcfull_n0_ALL_2030,2023,all2030,full_tx,ALL_2030,all2030_dcfull_n0,transmission,upgrade_branch,line,AC,WEST,3121-3145,3121,3145,149.0,208.6,59.6,26.298,ALL,115.0,115.0,115.0,T4_light,1.4,Reconductor(ACSR->ACSS),105.0,65.8,True,23.8,-100.56760671428572,32.36118885714286,-100.2242635,32.5474795
2023_all2030_dcfull_n0_ALL_2030,2023,all2030,full_tx,ALL_2030,all2030_dcfull_n0,transmission,upgrade_branch,line,AC,NORTH,5012-13266,5012,13266,209.6,293.4,83.8,26.279,ALL,161.0,161.0,161.0,T4_light,1.4,Reconductor(ACSR->ACSS),105.0,73.4,True,19.3,-97.13581333333332,33.210620166666665,-97.466582,33.243525500000004
2023_all2030_dcfull_n0_ALL_2030,2023,all2030,full_tx,ALL_2030,all2030_dcfull_n0,transmission,upgrade_branch,transformer,AC,WEST,3054-3053,3054,3053,103.0,309.0,206.0,25.0,ALL,115.0,230.0,230.0,T7_structural,3.0,Major Transformer 3x,198.0,93.6,True,0.0,-100.1097475,32.1590745,-100.1097475,32.1590745
2023_all2030_dcfull_n0_ALL_2030,2023,all2030,full_tx,ALL_2030,all2030_dcfull_n0,transmission,upgrade_branch,transformer,AC,WEST,3054-3053,3054,3053,103.0,309.0,206.0,25.0,ALL,115.0,230.0,230.0,T7_structural,3.0,Major Transformer 3x,198.0,93.6,True,0.0,-100.1097475,32.1590745,-100.1097475,32.1590745
2023_all2030_dcfull_n0_ALL_2030,2023,all2030,full_tx,ALL_2030,all2030_dcfull_n0,transmission,upgrade_branch,transformer,AC,SOUTH,6109-6108,6109,6108,137.0,411.0,274.0,25.0,ALL,115.0,230.0,230.0,T7_structural,3.0,Major Transformer 3x,164.2,60.0,True,0.0,-96.947291,30.633128,-96.947291,30.633128
2023_all2030_dcfull_n0_ALL_2030,2023,all2030,full_tx,ALL_2030,all2030_dcfull_n0,transmission,upgrade_branch,transformer,AC,NORTH,12961-8147,12961,8147,310.2,930.6,620.4,25.0,ALL,20.0,230.0,230.0,T7_structural,3.0,Major Transformer 3x,163.8,54.6,True,0.0,-96.1482745,32.142643,-96.1482745,32.142643
2023_all2030_dcfull_n0_ALL_2030,2023,all2030,full_tx,ALL_2030,all2030_dcfull_n0,transmission,upgrade_branch,line,AC,WEST,1061-1112,1061,1112,169.8,237.7,67.9,24.193,ALL,115.0,115.0,115.0,T4_light,1.4,Reconductor(ACSR->ACSS),107.1,77.2,True,21.9,-101.3548315,32.107940125,-101.014,32.239
2023_all2030_dcfull_n0_ALL_2030,2023,all2030,full_tx,ALL_2030,all2030_dcfull_n0,transmission,upgrade_branch,line,AC,WEST,3132-3144,3132,3144,98.0,137.2,39.2,23.8,ALL,115.0,115.0,115.0,T4_light,1.4,Reconductor(ACSR->ACSS),105.4,69.8,True,21.5,-99.9360515,31.18751,-99.682323,31.411505
2023_all2030_dcfull_n0_ALL_2030,2023,all2030,full_tx,ALL_2030,all2030_dcfull_n0,transmission,upgrade_branch,line,AC,WEST,3145-3006,3145,3006,149.0,208.6,59.6,23.118,ALL,115.0,115.0,115.0,T4_light,1.4,Reconductor(ACSR->ACSS),102.0,68.0,True,20.9,-100.2242635,32.5474795,-100.0652435,32.819086
2023_all2030_dcfull_n0_ALL_2030,2023,all2030,full_tx,ALL_2030,all2030_dcfull_n0,transmission,upgrade_branch,line,AC,NORTH,8118-8151,8118,8151,98.0,137.2,39.2,22.839,ALL,115.0,115.0,115.0,T4_light,1.4,Reconductor(ACSR->ACSS),104.7,55.4,True,20.7,-95.255739,31.188898,-95.481652,31.417425
2023_all2030_dcfull_n0_ALL_2030,2023,all2030,full_tx,ALL_2030,all2030_dcfull_n0,transmission,upgrade_branch,line,AC,SOUTH,6127-8102,6127,8102,98.0,137.2,39.2,22.472,ALL,115.0,115.0,115.0,T4_light,1.4,Reconductor(ACSR->ACSS),105.3,63.6,True,20.3,-96.907601,30.891129,-96.66368,31.09828
2023_all2030_dcfull_n0_ALL_2030,2023,all2030,full_tx,ALL_2030,all2030_dcfull_n0,transmission,upgrade_branch,line,AC,NORTH,5349-5228,5349,5228,310.0,434.0,124.0,20.762,ALL,161.0,161.0,161.0,T4_light,1.4,Reconductor(ACSR->ACSS),109.2,76.7,True,15.2,-96.7651095,32.5902035,-96.80082027272728,32.808276409090915
2023_all2030_dcfull_n0_ALL_2030,2023,all2030,full_tx,ALL_2030,all2030_dcfull_n0,transmission,upgrade_branch,line,AC,NORTH,5274-5313,5274,5313,232.9,582.2,349.4,19.524,ALL,161.0,161.0,161.0,T7_structural,2.5,New Corridor/Aggressive Parallel,168.7,113.2,False,2.6,-96.674333,32.605192,-96.695516,32.63852
2023_all2030_dcfull_n0_ALL_2030,2023,all2030,full_tx,ALL_2030,all2030_dcfull_n0,transmission,upgrade_branch,line,AC,NORTH,8010-8103,8010,8103,98.0,171.5,73.5,19.088,ALL,115.0,115.0,115.0,T5_moderate,1.75,HTLS Reconductor,114.8,80.8,True,9.8,-96.22928,31.235882,-96.202639,31.37571
2023_all2030_dcfull_n0_ALL_2030,2023,all2030,full_tx,ALL_2030,all2030_dcfull_n0,transmission,upgrade_branch,line,AC,NORTH,5105-5253,5105,5253,235.0,329.0,94.0,19.014,ALL,161.0,161.0,161.0,T4_light,1.4,Reconductor(ACSR->ACSS),107.6,77.7,True,13.9,-96.9700122,32.8603614,-97.092488,33.0338
2023_all2030_dcfull_n0_ALL_2030,2023,all2030,full_tx,ALL_2030,all2030_dcfull_n0,transmission,upgrade_branch,line,AC,NORTH,8053-8065,8053,8065,149.0,208.6,59.6,18.947,ALL,115.0,115.0,115.0,T4_light,1.4,Reconductor(ACSR->ACSS),101.1,67.7,True,17.1,-95.8568275,32.169178,-96.1482745,32.142643
2023_all2030_dcfull_n0_ALL_2030,2023,all2030,full_tx,ALL_2030,all2030_dcfull_n0,transmission,upgrade_branch,line,AC,WEST,3127-13366,3127,13366,203.2,284.5,81.3,17.718,ALL,115.0,115.0,115.0,T4_light,1.4,Reconductor(ACSR->ACSS),101.6,44.1,True,16.0,-100.2940896,32.3397188,-100.56760671428572,32.36118885714286
2023_all2030_dcfull_n0_ALL_2030,2023,all2030,full_tx,ALL_2030,all2030_dcfull_n0,transmission,upgrade_branch,line,AC,HOUSTON,7237-7088,7237,7088,200.0,280.0,80.0,17.533,ALL,115.0,115.0,115.0,T4_light,1.4,Reconductor(ACSR->ACSS),100.0,71.9,True,15.9,-95.98036,29.560311,-95.733244,29.47971475
2023_all2030_dcfull_n0_ALL_2030,2023,all2030,full_tx,ALL_2030,all2030_dcfull_n0,transmission,upgrade_branch,line,AC,NORTH,5085-5353,5085,5353,191.3,267.8,76.5,17.271,ALL,161.0,161.0,161.0,T4_light,1.4,Reconductor(ACSR->ACSS),103.9,90.5,True,12.7,-96.80082027272728,32.808276409090915,-96.914175,32.651936
2023_all2030_dcfull_n0_ALL_2030,2023,all2030,full_tx,ALL_2030,all2030_dcfull_n0,transmission,upgrade_branch,line,AC,WEST,3013-3031,3013,3031,141.2,197.7,56.5,16.076,ALL,115.0,115.0,115.0,T4_light,1.4,Reconductor(ACSR->ACSS),102.0,72.4,True,14.5,-99.70613471428572,32.45867642857143,-99.826041,32.274081
2023_all2030_dcfull_n0_ALL_2030,2023,all2030,full_tx,ALL_2030,all2030_dcfull_n0,transmission,upgrade_branch,transformer,AC,NORTH,13017-2068,13017,2068,286.4,859.2,572.8,16.0,ALL,20.0,161.0,161.0,T7_structural,3.0,Major Transformer 3x,349.9,116.6,False,0.0,-98.360833,33.509722,-98.360833,33.509722
2023_all2030_dcfull_n0_ALL_2030,2023,all2030,full_tx,ALL_2030,all2030_dcfull_n0,transmission,upgrade_branch,transformer,AC,NORTH,2071-2070,2071,2070,251.1,753.3,502.2,16.0,ALL,18.0,161.0,161.0,T7_structural,3.0,Major Transformer 3x,315.0,105.0,False,0.0,-98.540972,33.494167000000004,-98.540972,33.494167000000004
2023_all2030_dcfull_n0_ALL_2030,2023,all2030,full_tx,ALL_2030,all2030_dcfull_n0,transmission,upgrade_branch,transformer,AC,NORTH,2089-2088,2089,2088,93.5,280.5,187.0,16.0,ALL,24.0,161.0,161.0,T7_structural,3.0,Major Transformer 3x,355.2,118.4,False,0.0,-98.540972,33.494167000000004,-98.540972,33.494167000000004
2023_all2030_dcfull_n0_ALL_2030,2023,all2030,full_tx,ALL_2030,all2030_dcfull_n0,transmission,upgrade_branch,line,AC,NORTH,5427-5333,5427,5333,310.0,434.0,124.0,15.036,ALL,161.0,161.0,161.0,T4_light,1.4,Reconductor(ACSR->ACSS),101.9,65.8,True,11.0,-96.8502335,32.366515,-96.807315,32.521773
2023_all2030_dcfull_n0_ALL_2030,2023,all2030,full_tx,ALL_2030,all2030_dcfull_n0,transmission,upgrade_branch,line,AC,NORTH,5427-5333,5427,5333,310.0,434.0,124.0,15.036,ALL,161.0,161.0,161.0,T4_light,1.4,Reconductor(ACSR->ACSS),101.9,65.8,True,11.0,-96.8502335,32.366515,-96.807315,32.521773
2023_all2030_dcfull_n0_ALL_2030,2023,all2030,full_tx,ALL_2030,all2030_dcfull_n0,transmission,upgrade_branch,line,AC,NORTH,5148-5457,5148,5457,187.0,261.8,74.8,14.534,ALL,161.0,161.0,161.0,T4_light,1.4,Reconductor(ACSR->ACSS),107.5,73.6,True,10.6,-96.9700122,32.8603614,-97.149641,32.891787
2023_all2030_dcfull_n0_ALL_2030,2023,all2030,full_tx,ALL_2030,all2030_dcfull_n0,transmission,upgrade_branch,line,AC,NORTH,8132-8054,8132,8054,98.0,137.2,39.2,14.369,ALL,115.0,115.0,115.0,T4_light,1.4,Reconductor(ACSR->ACSS),103.2,67.6,True,13.0,-96.229757,31.4789,-96.009175,31.473728
2023_all2030_dcfull_n0_ALL_2030,2023,all2030,full_tx,ALL_2030,all2030_dcfull_n0,transmission,upgrade_branch,line,AC,NORTH,5219-5114,5219,5114,187.0,261.8,74.8,14.224,ALL,161.0,161.0,161.0,T4_light,1.4,Reconductor(ACSR->ACSS),109.1,75.4,True,10.4,-96.428985,32.533273,-96.255103,32.568801
2023_all2030_dcfull_n0_ALL_2030,2023,all2030,full_tx,ALL_2030,all2030_dcfull_n0,transmission,upgrade_branch,line,AC,NORTH,2048-13085,2048,13085,307.6,538.3,230.7,12.919,ALL,161.0,161.0,161.0,T5_moderate,1.75,HTLS Reconductor,115.4,59.7,True,5.2,-100.967402,33.752201,-100.883227,33.781077
2023_all2030_dcfull_n0_ALL_2030,2023,all2030,full_tx,ALL_2030,all2030_dcfull_n0,transmission,upgrade_branch,line,AC,SOUTH,6103-6183,6103,6183,149.0,208.6,59.6,11.835,ALL,115.0,115.0,115.0,T4_light,1.4,Reconductor(ACSR->ACSS),103.4,67.7,True,10.7,-96.9945,30.02547,-96.923038,30.167624
2023_all2030_dcfull_n0_ALL_2030,2023,all2030,full_tx,ALL_2030,all2030_dcfull_n0,transmission,upgrade_branch,transformer,AC,WEST,3038-3037,3038,3037,114.0,199.5,85.5,11.5,ALL,115.0,230.0,230.0,T5_moderate,1.75,Transformer Replace 1.75x,120.5,84.9,True,0.0,-100.56760671428572,32.36118885714286,-100.56760671428572,32.36118885714286
2023_all2030_dcfull_n0_ALL_2030,2023,all2030,full_tx,ALL_2030,all2030_dcfull_n0,transmission,upgrade_branch,transformer,AC,WEST,3056-3053,3056,3053,277.1,484.9,207.8,11.5,ALL,13.8,230.0,230.0,T5_moderate,1.75,Transformer Replace 1.75x,117.2,67.0,True,0.0,-100.1097475,32.1590745,-100.1097475,32.1590745
2023_all2030_dcfull_n0_ALL_2030,2023,all2030,full_tx,ALL_2030,all2030_dcfull_n0,transmission,upgrade_branch,transformer,AC,WEST,3089-3088,3089,3088,411.0,719.2,308.2,11.5,ALL,161.0,230.0,230.0,T5_moderate,1.75,Transformer Replace 1.75x,112.2,63.9,True,0.0,-99.70613471428572,32.45867642857143,-99.70613471428572,32.45867642857143
2023_all2030_dcfull_n0_ALL_2030,2023,all2030,full_tx,ALL_2030,all2030_dcfull_n0,transmission,upgrade_branch,transformer,AC,WEST,3092-3088,3092,3088,234.7,410.7,176.0,11.5,ALL,13.8,230.0,230.0,T5_moderate,1.75,Transformer Replace 1.75x,114.1,65.2,True,0.0,-99.70613471428572,32.45867642857143,-99.70613471428572,32.45867642857143
2023_all2030_dcfull_n0_ALL_2030,2023,all2030,full_tx,ALL_2030,all2030_dcfull_n0,transmission,upgrade_branch,transformer,AC,NORTH,8069-8068,8069,8068,143.0,250.2,107.2,11.5,ALL,115.0,230.0,230.0,T5_moderate,1.75,Transformer Replace 1.75x,117.3,80.7,True,0.0,-96.202639,31.37571,-96.202639,31.37571
2023_all2030_dcfull_n0_ALL_2030,2023,all2030,full_tx,ALL_2030,all2030_dcfull_n0,transmission,upgrade_branch,transformer,AC,NORTH,12968-8065,12968,8065,240.9,722.7,481.8,11.0,ALL,20.0,115.0,115.0,T7_structural,3.0,Major Transformer 3x,152.1,50.7,True,0.0,-96.1482745,32.142643,-96.1482745,32.142643
2023_all2030_dcfull_n0_ALL_2030,2023,all2030,full_tx,ALL_2030,all2030_dcfull_n0,transmission,upgrade_branch,transformer,AC,NORTH,12969-8065,12969,8065,99.1,297.3,198.2,11.0,ALL,20.0,115.0,115.0,T7_structural,3.0,Major Transformer 3x,186.0,62.0,True,0.0,-96.1482745,32.142643,-96.1482745,32.142643
2023_all2030_dcfull_n0_ALL_2030,2023,all2030,full_tx,ALL_2030,all2030_dcfull_n0,transmission,upgrade_branch,line,AC,NORTH,5232-5251,5232,5251,187.0,261.8,74.8,9.391,ALL,161.0,161.0,161.0,T4_light,1.4,Reconductor(ACSR->ACSS),104.1,70.9,True,6.9,-97.12502636363637,32.69967490909091,-97.010181,32.723688
2023_all2030_dcfull_n0_ALL_2030,2023,all2030,full_tx,ALL_2030,all2030_dcfull_n0,transmission,upgrade_branch,transformer,AC,HOUSTON,7421-7420,7421,7420,161.4,242.1,80.7,8.0,ALL,115.0,230.0,230.0,T4_light,1.5,Transformer Replace 1.5x,107.2,80.6,True,0.0,-95.698237,30.1865575,-95.698237,30.1865575
2023_all2030_dcfull_n0_ALL_2030,2023,all2030,full_tx,ALL_2030,all2030_dcfull_n0,transmission,upgrade_branch,transformer,AC,HOUSTON,7421-7420,7421,7420,161.4,242.1,80.7,8.0,ALL,115.0,230.0,230.0,T4_light,1.5,Transformer Replace 1.5x,107.2,80.6,True,0.0,-95.698237,30.1865575,-95.698237,30.1865575
2023_all2030_dcfull_n0_ALL_2030,2023,all2030,full_tx,ALL_2030,all2030_dcfull_n0,transmission,upgrade_branch,transformer,AC,WEST,12666-12664,12666,12664,211.7,317.5,105.8,8.0,ALL,20.0,230.0,230.0,T4_light,1.5,Transformer Replace 1.5x,102.9,68.6,True,0.0,-100.94008825,32.806441125,-100.94008825,32.806441125
2023_all2030_dcfull_n0_ALL_2030,2023,all2030,full_tx,ALL_2030,all2030_dcfull_n0,transmission,upgrade_branch,transformer,AC,WEST,12899-12898,12899,12898,342.2,513.3,171.1,8.0,ALL,20.0,230.0,230.0,T4_light,1.5,Transformer Replace 1.5x,100.6,67.1,True,0.0,-100.94008825,32.806441125,-100.94008825,32.806441125
2023_all2030_dcfull_n0_ALL_2030,2023,all2030,full_tx,ALL_2030,all2030_dcfull_n0,transmission,upgrade_branch,line,AC,NORTH,5157-5194,5157,5194,187.0,261.8,74.8,6.353,ALL,161.0,161.0,161.0,T4_light,1.4,Reconductor(ACSR->ACSS),107.3,72.0,True,4.7,-96.864075,32.599427,-96.914175,32.651936
2023_all2030_dcfull_n0_ALL_2030,2023,all2030,full_tx,ALL_2030,all2030_dcfull_n0,transmission,upgrade_branch,transformer,AC,WEST,3095-3094,3095,3094,161.7,242.5,80.8,3.0,ALL,18.0,115.0,115.0,T4_light,1.5,Transformer Replace 1.5x,108.4,72.2,True,0.0,-100.09043266666669,32.36779933333333,-100.09043266666669,32.36779933333333
2023_all2030_dcfull_n0_ALL_2030,2023,all2030,full_tx,ALL_2030,all2030_dcfull_n0,transmission,upgrade_branch,transformer,AC,WEST,13284-3131,13284,3131,161.6,242.4,80.8,3.0,ALL,20.0,115.0,115.0,T4_light,1.5,Transformer Replace 1.5x,102.5,68.3,True,0.0,-100.021667,32.303889,-100.021667,32.303889
2023_all2030_dcfull_n0_ALL_2030,2023,all2030,full_tx,ALL_2030,all2030_dcfull_n0,transmission,upgrade_branch,transformer,AC,SOUTH,13049-4099,13049,4099,234.4,351.6,117.2,3.0,ALL,20.0,115.0,115.0,T4_light,1.5,Transformer Replace 1.5x,102.1,68.0,True,0.0,-97.743983,27.992706,-97.743983,27.992706
2023_all2030_dcfull_n0_ALL_2030,2023,all2030,full_tx,ALL_2030,all2030_dcfull_n0,transmission,upgrade_branch,transformer,AC,SOUTH,13327-6262,13327,6262,146.7,220.0,73.3,3.0,ALL,20.0,115.0,115.0,T4_light,1.5,Transformer Replace 1.5x,109.8,73.2,True,0.0,-97.875708,30.748955,-97.875708,30.748955
2023_all2030_dcfull_n0_ALL_2030,2023,all2030,full_tx,ALL_2030,all2030_dcfull_n0,transmission,upgrade_branch,line,AC,SOUTH,6027-6116,6027,6116,130.0,182.0,52.0,0.125,ALL,115.0,115.0,115.0,T4_light,1.4,Reconductor(ACSR->ACSS),104.6,85.0,True,0.1,-97.35518,30.41432,-97.35701,30.41477
2023_all2030_dcfull_n0_ALL_2030,2023,all2030,full_tx,ALL_2030,all2030_dcfull_n0,transmission,upgrade_branch,line,AC,SOUTH,6027-6116,6027,6116,130.0,182.0,52.0,0.125,ALL,115.0,115.0,115.0,T4_light,1.4,Reconductor(ACSR->ACSS),104.6,85.0,True,0.1,-97.35518,30.41432,-97.35701,30.41477
2023_all2030_dcfull_n0_ALL_2030,2023,all2030,full_tx,ALL_2030,all2030_dcfull_n0,transmission,upgrade_branch,line,AC,WEST,13220-13222,13220,13222,157.2,393.0,235.8,641.756,NEW,115.0,115.0,115.0,T7_structural,2.5,New Corridor/Aggressive Parallel,153.4,65.4,True,103.9,-100.938705,32.130795,-99.5687984,33.0957078
2023_all2030_dcfull_n0_ALL_2030,2023,all2030,full_tx,ALL_2030,all2030_dcfull_n0,transmission,upgrade_branch,line,AC,NORTH,12754-12945,12754,12945,256.5,641.2,384.8,476.201,NEW,161.0,161.0,161.0,T7_structural,2.5,New Corridor/Aggressive Parallel,484.2,193.7,False,63.7,-99.695954,33.73925199999999,-100.4547365,34.413879
2023_all2030_dcfull_n0_ALL_2030,2023,all2030,full_tx,ALL_2030,all2030_dcfull_n0,transmission,upgrade_branch,line,AC,NORTH,2014-13085,2014,13085,220.0,550.0,330.0,374.7,NEW,161.0,161.0,161.0,T7_structural,2.5,New Corridor/Aggressive Parallel,170.5,62.0,True,50.1,-100.4547365,34.413879,-100.883227,33.781077
2023_all2030_dcfull_n0_ALL_2030,2023,all2030,full_tx,ALL_2030,all2030_dcfull_n0,transmission,upgrade_branch,line,AC,SOUTH,6003-6107,6003,6107,2020.0,4444.0,2424.0,340.086,NEW,500.0,500.0,500.0,T6_heavy,2.2,New Parallel Circuit,133.6,80.9,True,38.8,-97.2711,30.146700000000003,-96.947291,30.633128
2023_all2030_dcfull_n0_ALL_2030,2023,all2030,full_tx,ALL_2030,all2030_dcfull_n0,transmission,upgrade_branch,line,AC,NORTH,2014-2029,2014,2029,187.0,467.5,280.5,337.154,NEW,161.0,161.0,161.0,T7_structural,2.5,New Corridor/Aggressive Parallel,330.7,152.7,False,45.1,-100.4547365,34.413879,-101.244172,34.371689
2023_all2030_dcfull_n0_ALL_2030,2023,all2030,full_tx,ALL_2030,all2030_dcfull_n0,transmission,upgrade_branch,line,AC,NORTH,5286-5112,5286,5112,150.0,375.0,225.0,254.906,NEW,161.0,161.0,161.0,T7_structural,2.5,New Corridor/Aggressive Parallel,202.6,98.2,True,34.1,-98.4123355,32.20698,-97.8826,32.001481
2023_all2030_dcfull_n0_ALL_2030,2023,all2030,full_tx,ALL_2030,all2030_dcfull_n0,transmission,upgrade_branch,line,AC,NORTH,2053-2088,2053,2088,352.9,882.2,529.4,252.234,NEW,161.0,161.0,161.0,T7_structural,2.5,New Corridor/Aggressive Parallel,182.7,75.8,True,33.7,-97.95612,33.520572,-98.540972,33.494167000000004
2023_all2030_dcfull_n0_ALL_2030,2023,all2030,full_tx,ALL_2030,all2030_dcfull_n0,transmission,upgrade_branch,line,AC,NORTH,2014-2008,2014,2008,187.0,467.5,280.5,230.324,NEW,161.0,161.0,161.0,T7_structural,2.5,New Corridor/Aggressive Parallel,195.8,65.1,True,30.8,-100.4547365,34.413879,-100.512868,34.857258
2023_all2030_dcfull_n0_ALL_2030,2023,all2030,full_tx,ALL_2030,all2030_dcfull_n0,transmission,upgrade_branch,line,AC,NORTH,5112-5318,5112,5318,242.8,607.0,364.2,225.301,NEW,161.0,161.0,161.0,T7_structural,2.5,New Corridor/Aggressive Parallel,259.6,96.1,True,30.1,-97.8826,32.001481,-97.69946625,32.40925625
2023_all2030_dcfull_n0_ALL_2030,2023,all2030,full_tx,ALL_2030,all2030_dcfull_n0,transmission,upgrade_branch,line,AC,NORTH,5088-5407,5088,5407,221.7,554.2,332.6,224.25,NEW,161.0,161.0,161.0,T7_structural,2.5,New Corridor/Aggressive Parallel,187.6,102.3,False,0.0,-97.46203133333334,31.819786000000004,-97.46203133333334,31.819786000000004
2023_all2030_dcfull_n0_ALL_2030,2023,all2030,full_tx,ALL_2030,all2030_dcfull_n0,transmission,upgrade_branch,line,AC,NORTH,5261-5246,5261,5246,251.0,627.5,376.5,224.25,NEW,161.0,161.0,161.0,T7_structural,2.5,New Corridor/Aggressive Parallel,198.6,71.5,True,0.0,-97.790381,32.253423999999995,-97.790381,32.253423999999995
2023_all2030_dcfull_n0_ALL_2030,2023,all2030,full_tx,ALL_2030,all2030_dcfull_n0,transmission,upgrade_branch,line,AC,WEST,13140-13214,13140,13214,107.5,188.1,80.6,212.412,NEW,115.0,115.0,115.0,T5_moderate,1.75,HTLS Reconductor,119.5,67.4,True,108.9,-100.938705,32.130795,-102.39869175,31.160862
2023_all2030_dcfull_n0_ALL_2030,2023,all2030,full_tx,ALL_2030,all2030_dcfull_n0,transmission,upgrade_branch,line,AC,NORTH,2068-2067,2068,2067,251.0,627.5,376.5,209.739,NEW,161.0,161.0,161.0,T7_structural,2.5,New Corridor/Aggressive Parallel,311.6,110.7,False,28.1,-98.360833,33.509722,-98.50555385714286,33.89755828571428
2023_all2030_dcfull_n0_ALL_2030,2023,all2030,full_tx,ALL_2030,all2030_dcfull_n0,transmission,upgrade_branch,line,AC,NORTH,5005-5046,5005,5046,214.7,536.8,322.1,192.69,NEW,161.0,161.0,161.0,T7_structural,2.5,New Corridor/Aggressive Parallel,763.4,329.1,False,25.8,-98.008849,32.527015,-98.187624,32.1858615
2023_all2030_dcfull_n0_ALL_2030,2023,all2030,full_tx,ALL_2030,all2030_dcfull_n0,transmission,upgrade_branch,line,AC,NORTH,5112-5133,5112,5133,187.0,467.5,280.5,187.426,NEW,161.0,161.0,161.0,T7_structural,2.5,New Corridor/Aggressive Parallel,1217.8,472.7,False,25.1,-97.8826,32.001481,-97.924354,32.362649
2023_all2030_dcfull_n0_ALL_2030,2023,all2030,full_tx,ALL_2030,all2030_dcfull_n0,transmission,upgrade_branch,line,AC,NORTH,5414-5471,5414,5471,187.0,467.5,280.5,179.248,NEW,161.0,161.0,161.0,T7_structural,2.5,New Corridor/Aggressive Parallel,166.5,58.5,True,24.0,-98.2935895,32.711098,-98.377389,32.371306
2023_all2030_dcfull_n0_ALL_2030,2023,all2030,full_tx,ALL_2030,all2030_dcfull_n0,transmission,upgrade_branch,line,AC,NORTH,5055-12637,5055,12637,2173.8,3804.2,1630.4,165.75,NEW,500.0,500.0,500.0,T5_moderate,1.75,HTLS Reconductor,122.9,69.6,True,0.0,-98.7321385,33.1268065,-98.7321385,33.1268065
2023_all2030_dcfull_n0_ALL_2030,2023,all2030,full_tx,ALL_2030,all2030_dcfull_n0,transmission,upgrade_branch,line,AC,NORTH,2029-12632,2029,12632,218.7,546.8,328.1,151.296,NEW,161.0,161.0,161.0,T7_structural,2.5,New Corridor/Aggressive Parallel,159.3,88.7,True,20.2,-101.244172,34.371689,-101.59661,34.4067
2023_all2030_dcfull_n0_ALL_2030,2023,all2030,full_tx,ALL_2030,all2030_dcfull_n0,transmission,upgrade_branch,line,AC,NORTH,2070-5237,2070,5237,245.0,612.5,367.5,150.749,NEW,161.0,161.0,161.0,T7_structural,2.5,New Corridor/Aggressive Parallel,281.8,123.1,False,20.2,-98.540972,33.494167000000004,-98.81875,33.316907
2023_all2030_dcfull_n0_ALL_2030,2023,all2030,full_tx,ALL_2030,all2030_dcfull_n0,transmission,upgrade_branch,line,AC,NORTH,5435-5471,5435,5471,187.0,467.5,280.5,148.19,NEW,161.0,161.0,161.0,T7_structural,2.5,New Corridor/Aggressive Parallel,593.3,224.5,False,19.8,-98.17276,32.600503,-98.377389,32.371306
2023_all2030_dcfull_n0_ALL_2030,2023,all2030,full_tx,ALL_2030,all2030_dcfull_n0,transmission,upgrade_branch,line,AC,NORTH,5112-5246,5112,5246,187.0,467.5,280.5,136.231,NEW,161.0,161.0,161.0,T7_structural,2.5,New Corridor/Aggressive Parallel,328.5,113.4,False,18.2,-97.8826,32.001481,-97.790381,32.253423999999995
2023_all2030_dcfull_n0_ALL_2030,2023,all2030,full_tx,ALL_2030,all2030_dcfull_n0,transmission,upgrade_branch,line,AC,NORTH,5191-5407,5191,5407,187.0,467.5,280.5,119.675,NEW,161.0,161.0,161.0,T7_structural,2.5,New Corridor/Aggressive Parallel,185.2,106.6,False,16.0,-97.710123,31.916215,-97.46203133333334,31.819786000000004
2023_all2030_dcfull_n0_ALL_2030,2023,all2030,full_tx,ALL_2030,all2030_dcfull_n0,transmission,upgrade_branch,line,AC,WEST,3023-3115,3023,3115,135.0,297.0,162.0,116.851,NEW,115.0,115.0,115.0,T6_heavy,2.2,New Parallel Circuit,137.8,89.7,True,39.1,-99.850964,32.940911,-100.524167,32.969722
2023_all2030_dcfull_n0_ALL_2030,2023,all2030,full_tx,ALL_2030,all2030_dcfull_n0,transmission,upgrade_branch,line,AC,NORTH,2029-13055,2029,13055,242.3,533.1,290.8,113.1,NEW,161.0,161.0,161.0,T6_heavy,2.2,New Parallel Circuit,125.0,52.7,True,0.0,-101.244172,34.371689,-101.244172,34.371689
2023_all2030_dcfull_n0_ALL_2030,2023,all2030,full_tx,ALL_2030,all2030_dcfull_n0,transmission,upgrade_branch,line,AC,NORTH,5402-12600,5402,12600,219.1,482.0,262.9,113.1,NEW,161.0,161.0,161.0,T6_heavy,2.2,New Parallel Circuit,125.6,75.8,True,0.0,-97.69946625,32.40925625,-97.69946625,32.40925625
2023_all2030_dcfull_n0_ALL_2030,2023,all2030,full_tx,ALL_2030,all2030_dcfull_n0,transmission,upgrade_branch,line,AC,NORTH,13237-13390,13237,13390,227.6,500.7,273.1,113.1,NEW,161.0,161.0,161.0,T6_heavy,2.2,New Parallel Circuit,133.7,73.0,True,0.0,-97.234707,33.503328,-97.234707,33.503328
2023_all2030_dcfull_n0_ALL_2030,2023,all2030,full_tx,ALL_2030,all2030_dcfull_n0,transmission,upgrade_branch,line,AC,SOUTH,6292-6254,6292,6254,2768.0,4844.0,2076.0,109.021,NEW,500.0,500.0,500.0,T5_moderate,1.75,HTLS Reconductor,111.5,59.6,True,19.7,-97.522552,30.119949,-97.77508287179488,30.30416587179487
2023_all2030_dcfull_n0_ALL_2030,2023,all2030,full_tx,ALL_2030,all2030_dcfull_n0,transmission,upgrade_branch,line,AC,WEST,3015-3127,3015,3127,98.0,245.0,147.0,99.01,NEW,115.0,115.0,115.0,T7_structural,2.5,New Corridor/Aggressive Parallel,189.7,107.9,False,16.0,-100.56760671428572,32.36118885714286,-100.2940896,32.3397188
2023_all2030_dcfull_n0_ALL_2030,2023,all2030,full_tx,ALL_2030,all2030_dcfull_n0,transmission,upgrade_branch,line,AC,NORTH,8118-8014,8118,8014,98.0,245.0,147.0,98.226,NEW,115.0,115.0,115.0,T7_structural,2.5,New Corridor/Aggressive Parallel,199.1,61.2,True,15.9,-95.255739,31.188898,-95.499937,31.092367
2023_all2030_dcfull_n0_ALL_2030,2023,all2030,full_tx,ALL_2030,all2030_dcfull_n0,transmission,upgrade_branch,line,AC,SOUTH,6254-6038,6254,6038,2020.0,2828.0,808.0,97.5,NEW,500.0,500.0,500.0,T4_light,1.4,Reconductor(ACSR->ACSS),107.6,64.6,True,0.0,-97.77508287179488,30.30416587179487,-97.77508287179488,30.30416587179487
2023_all2030_dcfull_n0_ALL_2030,2023,all2030,full_tx,ALL_2030,all2030_dcfull_n0,transmission,upgrade_branch,line,AC,HOUSTON,7246-7251,7246,7251,98.0,215.6,117.6,94.031,NEW,115.0,115.0,115.0,T6_heavy,2.2,New Parallel Circuit,130.7,81.3,True,31.4,-95.41128715217393,29.77727818478261,-95.833733,30.047619
2023_all2030_dcfull_n0_ALL_2030,2023,all2030,full_tx,ALL_2030,all2030_dcfull_n0,transmission,upgrade_branch,line,AC,WEST,3054-3125,3054,3125,122.3,269.1,146.8,93.795,NEW,115.0,115.0,115.0,T6_heavy,2.2,New Parallel Circuit,134.6,99.7,True,31.4,-100.1097475,32.1590745,-99.70613471428572,32.45867642857143
2023_all2030_dcfull_n0_ALL_2030,2023,all2030,full_tx,ALL_2030,all2030_dcfull_n0,transmission,upgrade_branch,line,AC,SOUTH,6116-6095,6116,6095,98.0,245.0,147.0,93.146,NEW,115.0,115.0,115.0,T7_structural,2.5,New Corridor/Aggressive Parallel,204.1,105.9,False,15.1,-97.35701,30.41477,-97.546124,30.560042
2023_all2030_dcfull_n0_ALL_2030,2023,all2030,full_tx,ALL_2030,all2030_dcfull_n0,transmission,upgrade_branch,line,AC,NORTH,5133-5005,5133,5005,187.0,467.5,280.5,92.536,NEW,161.0,161.0,161.0,T7_structural,2.5,New Corridor/Aggressive Parallel,1462.5,599.5,False,12.4,-97.924354,32.362649,-98.008849,32.527015
2023_all2030_dcfull_n0_ALL_2030,2023,all2030,full_tx,ALL_2030,all2030_dcfull_n0,transmission,upgrade_branch,line,AC,NORTH,5018-5055,5018,5055,2020.0,2828.0,808.0,91.903,NEW,500.0,500.0,500.0,T4_light,1.4,Reconductor(ACSR->ACSS),105.9,77.5,True,28.3,-98.244763,33.097641,-98.7321385,33.1268065
2023_all2030_dcfull_n0_ALL_2030,2023,all2030,full_tx,ALL_2030,all2030_dcfull_n0,transmission,upgrade_branch,line,AC,SOUTH,6075-6101,6075,6101,2020.0,3535.0,1515.0,90.63,NEW,500.0,500.0,500.0,T5_moderate,1.75,HTLS Reconductor,121.5,58.7,True,16.4,-96.7506,29.9172,-96.9945,30.02547
2023_all2030_dcfull_n0_ALL_2030,2023,all2030,full_tx,ALL_2030,all2030_dcfull_n0,transmission,upgrade_branch,line,AC,NORTH,5101-13018,5101,13018,188.4,329.7,141.3,87.633,NEW,161.0,161.0,161.0,T5_moderate,1.75,HTLS Reconductor,115.3,32.3,True,35.5,-98.6525545,31.8568005,-98.187624,32.1858615
2023_all2030_dcfull_n0_ALL_2030,2023,all2030,full_tx,ALL_2030,all2030_dcfull_n0,transmission,upgrade_branch,line,AC,NORTH,5191-5112,5191,5112,187.0,467.5,280.5,87.473,NEW,161.0,161.0,161.0,T7_structural,2.5,New Corridor/Aggressive Parallel,401.3,160.3,False,11.7,-97.710123,31.916215,-97.8826,32.001481
2023_all2030_dcfull_n0_ALL_2030,2023,all2030,full_tx,ALL_2030,all2030_dcfull_n0,transmission,upgrade_branch,line,AC,NORTH,5169-5471,5169,5471,187.0,467.5,280.5,86.231,NEW,161.0,161.0,161.0,T7_structural,2.5,New Corridor/Aggressive Parallel,225.0,108.2,False,11.5,-98.4123355,32.20698,-98.377389,32.371306
2023_all2030_dcfull_n0_ALL_2030,2023,all2030,full_tx,ALL_2030,all2030_dcfull_n0,transmission,upgrade_branch,line,AC,NORTH,2008-13149,2008,13149,226.2,395.8,169.6,80.854,NEW,161.0,161.0,161.0,T5_moderate,1.75,HTLS Reconductor,120.6,59.2,True,32.7,-100.512868,34.857258,-100.934408,35.18172
2023_all2030_dcfull_n0_ALL_2030,2023,all2030,full_tx,ALL_2030,all2030_dcfull_n0,transmission,upgrade_branch,line,AC,NORTH,5005-5435,5005,5435,187.0,467.5,280.5,80.815,NEW,161.0,161.0,161.0,T7_structural,2.5,New Corridor/Aggressive Parallel,590.9,223.6,False,10.8,-98.008849,32.527015,-98.17276,32.600503
2023_all2030_dcfull_n0_ALL_2030,2023,all2030,full_tx,ALL_2030,all2030_dcfull_n0,transmission,upgrade_branch,line,AC,HOUSTON,7432-8003,7432,8003,98.0,245.0,147.0,78.701,NEW,115.0,115.0,115.0,T7_structural,2.5,New Corridor/Aggressive Parallel,211.7,120.5,False,12.7,-95.905344,30.953672,-95.934344,31.136452
2023_all2030_dcfull_n0_ALL_2030,2023,all2030,full_tx,ALL_2030,all2030_dcfull_n0,transmission,upgrade_branch,line,AC,NORTH,5014-13266,5014,13266,186.5,326.4,139.9,74.1,NEW,161.0,161.0,161.0,T5_moderate,1.75,HTLS Reconductor,118.0,66.0,True,0.0,-97.466582,33.243525500000004,-97.466582,33.243525500000004
2023_all2030_dcfull_n0_ALL_2030,2023,all2030,full_tx,ALL_2030,all2030_dcfull_n0,transmission,upgrade_branch,line,AC,WEST,3032-3094,3032,3094,113.2,249.0,135.8,69.603,NEW,115.0,115.0,115.0,T6_heavy,2.2,New Parallel Circuit,133.1,92.5,True,23.3,-99.70613471428572,32.45867642857143,-100.09043266666669,32.36779933333333
2023_all2030_dcfull_n0_ALL_2030,2023,all2030,full_tx,ALL_2030,all2030_dcfull_n0,transmission,upgrade_branch,line,AC,HOUSTON,7432-8037,7432,8037,149.0,372.5,223.5,69.502,NEW,115.0,115.0,115.0,T7_structural,2.5,New Corridor/Aggressive Parallel,222.4,101.1,False,11.3,-95.905344,30.953672,-95.715509,30.959521
2023_all2030_dcfull_n0_ALL_2030,2023,all2030,full_tx,ALL_2030,all2030_dcfull_n0,transmission,upgrade_branch,line,AC,NORTH,5155-5135,5155,5135,279.0,613.8,334.8,68.639,NEW,161.0,161.0,161.0,T6_heavy,2.2,New Parallel Circuit,128.9,67.4,True,18.2,-98.666449,32.759373,-98.66402,32.495875
2023_all2030_dcfull_n0_ALL_2030,2023,all2030,full_tx,ALL_2030,all2030_dcfull_n0,transmission,upgrade_branch,line,AC,NORTH,5113-5195,5113,5195,251.0,552.2,301.2,64.424,NEW,161.0,161.0,161.0,T6_heavy,2.2,New Parallel Circuit,129.9,83.8,True,17.1,-97.3420515,33.318023,-97.173782,33.114675
2023_all2030_dcfull_n0_ALL_2030,2023,all2030,full_tx,ALL_2030,all2030_dcfull_n0,transmission,upgrade_branch,line,AC,WEST,3003-3141,3003,3141,176.0,308.0,132.0,58.5,NEW,115.0,115.0,115.0,T5_moderate,1.75,HTLS Reconductor,118.6,76.5,True,0.0,-100.2940896,32.3397188,-100.2940896,32.3397188
2023_all2030_dcfull_n0_ALL_2030,2023,all2030,full_tx,ALL_2030,all2030_dcfull_n0,transmission,upgrade_branch,line,AC,WEST,3038-3121,3038,3121,155.0,271.2,116.2,58.5,NEW,115.0,115.0,115.0,T5_moderate,1.75,HTLS Reconductor,114.9,68.4,True,0.0,-100.56760671428572,32.36118885714286,-100.56760671428572,32.36118885714286
2023_all2030_dcfull_n0_ALL_2030,2023,all2030,full_tx,ALL_2030,all2030_dcfull_n0,transmission,upgrade_branch,line,AC,SOUTH,6344-6353,6344,6353,107.3,187.8,80.5,58.5,NEW,115.0,115.0,115.0,T5_moderate,1.75,HTLS Reconductor,112.4,58.7,True,0.0,-97.677175,30.5341255,-97.677175,30.5341255
2023_all2030_dcfull_n0_ALL_2030,2023,all2030,full_tx,ALL_2030,all2030_dcfull_n0,transmission,upgrade_branch,line,AC,NORTH,5285-2053,5285,2053,291.0,640.2,349.2,57.454,NEW,161.0,161.0,161.0,T6_heavy,2.2,New Parallel Circuit,129.6,71.8,True,15.2,-97.857678,33.315883,-97.95612,33.520572
2023_all2030_dcfull_n0_ALL_2030,2023,all2030,full_tx,ALL_2030,all2030_dcfull_n0,transmission,upgrade_branch,line,AC,NORTH,8010-8001,8010,8001,149.0,372.5,223.5,55.037,NEW,115.0,115.0,115.0,T7_structural,2.5,New Corridor/Aggressive Parallel,154.5,85.4,True,8.9,-96.22928,31.235882,-96.13919,31.132442
2023_all2030_dcfull_n0_ALL_2030,2023,all2030,full_tx,ALL_2030,all2030_dcfull_n0,transmission,upgrade_branch,transformer,AC,NORTH,5046-5045,5046,5045,550.0,1650.0,1100.0,55.0,NEW,161.0,500.0,500.0,T7_structural,3.0,Major Transformer 3x,267.4,111.4,False,0.0,-98.187624,32.1858615,-98.187624,32.1858615
2023_all2030_dcfull_n0_ALL_2030,2023,all2030,full_tx,ALL_2030,all2030_dcfull_n0,transmission,upgrade_branch,transformer,AC,NORTH,5057-5055,5057,5055,448.0,1344.0,896.0,55.0,NEW,13.8,500.0,500.0,T7_structural,3.0,Major Transformer 3x,361.6,120.5,False,0.0,-98.7321385,33.1268065,-98.7321385,33.1268065
2023_all2030_dcfull_n0_ALL_2030,2023,all2030,full_tx,ALL_2030,all2030_dcfull_n0,transmission,upgrade_branch,transformer,AC,NORTH,5058-5055,5058,5055,354.7,1064.1,709.4,55.0,NEW,13.8,500.0,500.0,T7_structural,3.0,Major Transformer 3x,279.9,93.3,True,0.0,-98.7321385,33.1268065,-98.7321385,33.1268065
2023_all2030_dcfull_n0_ALL_2030,2023,all2030,full_tx,ALL_2030,all2030_dcfull_n0,transmission,upgrade_branch,transformer,AC,NORTH,5198-5196,5198,5196,183.7,551.1,367.4,55.0,NEW,18.0,500.0,500.0,T7_structural,3.0,Major Transformer 3x,339.2,113.1,False,0.0,-98.3737215,33.2411135,-98.3737215,33.2411135
2023_all2030_dcfull_n0_ALL_2030,2023,all2030,full_tx,ALL_2030,all2030_dcfull_n0,transmission,upgrade_branch,transformer,AC,NORTH,5237-5236,5237,5236,287.0,861.0,574.0,55.0,NEW,161.0,500.0,500.0,T7_structural,3.0,Major Transformer 3x,240.6,87.6,True,0.0,-98.81875,33.316907,-98.81875,33.316907
2023_all2030_dcfull_n0_ALL_2030,2023,all2030,full_tx,ALL_2030,all2030_dcfull_n0,transmission,upgrade_branch,transformer,AC,NORTH,5238-5236,5238,5236,246.6,739.8,493.2,55.0,NEW,18.0,500.0,500.0,T7_structural,3.0,Major Transformer 3x,333.5,111.2,False,0.0,-98.81875,33.316907,-98.81875,33.316907
2023_all2030_dcfull_n0_ALL_2030,2023,all2030,full_tx,ALL_2030,all2030_dcfull_n0,transmission,upgrade_branch,transformer,AC,SOUTH,6006-6003,6006,6003,412.4,1237.2,824.8,55.0,NEW,13.8,500.0,500.0,T7_structural,3.0,Major Transformer 3x,529.4,176.5,False,0.0,-97.2711,30.146700000000003,-97.2711,30.146700000000003
2023_all2030_dcfull_n0_ALL_2030,2023,all2030,full_tx,ALL_2030,all2030_dcfull_n0,transmission,upgrade_branch,transformer,AC,SOUTH,6007-6003,6007,6003,197.4,592.2,394.8,55.0,NEW,13.8,500.0,500.0,T7_structural,3.0,Major Transformer 3x,461.8,153.9,False,0.0,-97.2711,30.146700000000003,-97.2711,30.146700000000003
2023_all2030_dcfull_n0_ALL_2030,2023,all2030,full_tx,ALL_2030,all2030_dcfull_n0,transmission,upgrade_branch,transformer,AC,SOUTH,6008-6003,6008,6003,192.7,578.1,385.4,55.0,NEW,13.8,500.0,500.0,T7_structural,3.0,Major Transformer 3x,473.0,157.7,False,0.0,-97.2711,30.146700000000003,-97.2711,30.146700000000003
2023_all2030_dcfull_n0_ALL_2030,2023,all2030,full_tx,ALL_2030,all2030_dcfull_n0,transmission,upgrade_branch,transformer,AC,SOUTH,6295-6292,6295,6292,359.9,1079.7,719.8,55.0,NEW,13.8,500.0,500.0,T7_structural,3.0,Major Transformer 3x,413.7,137.9,False,0.0,-97.522552,30.119949,-97.522552,30.119949
2023_all2030_dcfull_n0_ALL_2030,2023,all2030,full_tx,ALL_2030,all2030_dcfull_n0,transmission,upgrade_branch,transformer,AC,SOUTH,6296-6292,6296,6292,255.1,765.3,510.2,55.0,NEW,13.8,500.0,500.0,T7_structural,3.0,Major Transformer 3x,442.2,147.4,False,0.0,-97.522552,30.119949,-97.522552,30.119949
2023_all2030_dcfull_n0_ALL_2030,2023,all2030,full_tx,ALL_2030,all2030_dcfull_n0,transmission,upgrade_branch,transformer,AC,NORTH,8046-8043,8046,8043,248.7,746.1,497.4,55.0,NEW,18.0,500.0,500.0,T7_structural,3.0,Major Transformer 3x,163.2,54.4,True,0.0,-96.08704033333332,31.83128633333333,-96.08704033333332,31.83128633333333
2023_all2030_dcfull_n0_ALL_2030,2023,all2030,full_tx,ALL_2030,all2030_dcfull_n0,transmission,upgrade_branch,transformer,AC,NORTH,8047-8043,8047,8043,233.5,700.5,467.0,55.0,NEW,18.0,500.0,500.0,T7_structural,3.0,Major Transformer 3x,157.6,52.5,True,0.0,-96.08704033333332,31.83128633333333,-96.08704033333332,31.83128633333333
2023_all2030_dcfull_n0_ALL_2030,2023,all2030,full_tx,ALL_2030,all2030_dcfull_n0,transmission,upgrade_branch,transformer,AC,NORTH,8049-8043,8049,8043,253.7,761.1,507.4,55.0,NEW,18.0,500.0,500.0,T7_structural,3.0,Major Transformer 3x,151.1,50.4,True,0.0,-96.08704033333332,31.83128633333333,-96.08704033333332,31.83128633333333
2023_all2030_dcfull_n0_ALL_2030,2023,all2030,full_tx,ALL_2030,all2030_dcfull_n0,transmission,upgrade_branch,transformer,AC,SOUTH,12622-12621,12622,12621,236.7,710.1,473.4,55.0,NEW,20.0,500.0,500.0,T7_structural,3.0,Major Transformer 3x,481.5,160.5,False,0.0,-97.2711,30.146700000000003,-97.2711,30.146700000000003
2023_all2030_dcfull_n0_ALL_2030,2023,all2030,full_tx,ALL_2030,all2030_dcfull_n0,transmission,upgrade_branch,transformer,AC,SOUTH,12623-12621,12623,12621,210.1,630.3,420.2,55.0,NEW,20.0,500.0,500.0,T7_structural,3.0,Major Transformer 3x,535.2,178.4,False,0.0,-97.2711,30.146700000000003,-97.2711,30.146700000000003
2023_all2030_dcfull_n0_ALL_2030,2023,all2030,full_tx,ALL_2030,all2030_dcfull_n0,transmission,upgrade_branch,transformer,AC,SOUTH,12624-12621,12624,12621,233.7,701.1,467.4,55.0,NEW,20.0,500.0,500.0,T7_structural,3.0,Major Transformer 3x,462.1,154.0,False,0.0,-97.2711,30.146700000000003,-97.2711,30.146700000000003
2023_all2030_dcfull_n0_ALL_2030,2023,all2030,full_tx,ALL_2030,all2030_dcfull_n0,transmission,upgrade_branch,transformer,AC,NORTH,12638-12637,12638,12637,594.8,1784.4,1189.6,55.0,NEW,20.0,500.0,500.0,T7_structural,3.0,Major Transformer 3x,380.9,127.0,False,0.0,-98.7321385,33.1268065,-98.7321385,33.1268065
2023_all2030_dcfull_n0_ALL_2030,2023,all2030,full_tx,ALL_2030,all2030_dcfull_n0,transmission,upgrade_branch,line,AC,NORTH,2126-13390,2126,13390,245.9,614.8,368.9,51.367,NEW,161.0,161.0,161.0,T7_structural,2.5,New Corridor/Aggressive Parallel,154.2,71.7,True,6.9,-97.128552,33.458028,-97.234707,33.503328
2023_all2030_dcfull_n0_ALL_2030,2023,all2030,full_tx,ALL_2030,all2030_dcfull_n0,transmission,upgrade_branch,line,AC,WEST,3064-3141,3064,3141,149.0,327.8,178.8,47.942,NEW,115.0,115.0,115.0,T6_heavy,2.2,New Parallel Circuit,130.9,79.1,True,16.0,-100.56760671428572,32.36118885714286,-100.2940896,32.3397188
2023_all2030_dcfull_n0_ALL_2030,2023,all2030,full_tx,ALL_2030,all2030_dcfull_n0,transmission,upgrade_branch,line,AC,NORTH,8086-8010,8086,8010,98.0,215.6,117.6,46.895,NEW,115.0,115.0,115.0,T6_heavy,2.2,New Parallel Circuit,125.6,85.8,True,15.7,-96.4866,31.1803,-96.22928,31.235882
2023_all2030_dcfull_n0_ALL_2030,2023,all2030,full_tx,ALL_2030,all2030_dcfull_n0,transmission,upgrade_branch,line,AC,NORTH,5060-8065,5060,8065,137.0,301.4,164.4,45.39,NEW,115.0,115.0,115.0,T6_heavy,2.2,New Parallel Circuit,130.2,70.4,True,15.2,-96.092445,32.357217500000004,-96.1482745,32.142643
2023_all2030_dcfull_n0_ALL_2030,2023,all2030,full_tx,ALL_2030,all2030_dcfull_n0,transmission,upgrade_branch,line,AC,NORTH,5290-5154,5290,5154,251.0,439.2,188.2,42.219,NEW,161.0,161.0,161.0,T5_moderate,1.75,HTLS Reconductor,112.0,43.5,True,17.1,-97.3667,31.8694,-97.343521,32.116002
2023_all2030_dcfull_n0_ALL_2030,2023,all2030,full_tx,ALL_2030,all2030_dcfull_n0,transmission,upgrade_branch,line,AC,NORTH,5064-5125,5064,5125,217.3,304.2,86.9,40.95,NEW,161.0,161.0,161.0,T4_light,1.4,Reconductor(ACSR->ACSS),105.8,72.7,True,0.0,-97.12502636363637,32.69967490909091,-97.12502636363637,32.69967490909091
2023_all2030_dcfull_n0_ALL_2030,2023,all2030,full_tx,ALL_2030,all2030_dcfull_n0,transmission,upgrade_branch,line,AC,NORTH,5227-5076,5227,5076,187.0,261.8,74.8,40.95,NEW,161.0,161.0,161.0,T4_light,1.4,Reconductor(ACSR->ACSS),107.1,68.4,True,0.0,-96.243079,32.788987000000006,-96.243079,32.788987000000006
2023_all2030_dcfull_n0_ALL_2030,2023,all2030,full_tx,ALL_2030,all2030_dcfull_n0,transmission,upgrade_branch,line,AC,NORTH,12754-12937,12754,12937,371.0,519.4,148.4,40.95,NEW,161.0,161.0,161.0,T4_light,1.4,Reconductor(ACSR->ACSS),109.0,78.3,True,0.0,-99.695954,33.73925199999999,-99.695954,33.73925199999999
2023_all2030_dcfull_n0_ALL_2030,2023,all2030,full_tx,ALL_2030,all2030_dcfull_n0,transmission,upgrade_branch,line,AC,NORTH,5274-5109,5274,5109,251.0,627.5,376.5,40.25,NEW,161.0,161.0,161.0,T7_structural,2.5,New Corridor/Aggressive Parallel,199.4,108.0,False,5.4,-96.674333,32.605192,-96.7651095,32.5902035
2023_all2030_dcfull_n0_ALL_2030,2023,all2030,full_tx,ALL_2030,all2030_dcfull_n0,transmission,upgrade_branch,transformer,AC,NORTH,8048-8043,8048,8043,225.5,451.0,225.5,40.0,NEW,18.0,500.0,500.0,T6_heavy,2.0,Parallel Transformer 2x,149.8,74.9,True,0.0,-96.08704033333332,31.83128633333333,-96.08704033333332,31.83128633333333
2023_all2030_dcfull_n0_ALL_2030,2023,all2030,full_tx,ALL_2030,all2030_dcfull_n0,transmission,upgrade_branch,line,AC,NORTH,2065-2044,2065,2044,187.0,327.2,140.2,36.887,NEW,161.0,161.0,161.0,T5_moderate,1.75,HTLS Reconductor,120.8,68.4,True,14.9,-97.17635,33.661583,-96.936121,33.743893
2023_all2030_dcfull_n0_ALL_2030,2023,all2030,full_tx,ALL_2030,all2030_dcfull_n0,transmission,upgrade_branch,line,AC,NORTH,5122-5308,5122,5308,251.0,439.2,188.2,36.875,NEW,161.0,161.0,161.0,T5_moderate,1.75,HTLS Reconductor,115.8,61.9,True,14.9,-96.80082027272728,32.808276409090915,-96.5458,32.8358
2023_all2030_dcfull_n0_ALL_2030,2023,all2030,full_tx,ALL_2030,all2030_dcfull_n0,transmission,upgrade_branch,line,AC,NORTH,5157-5376,5157,5376,233.5,408.6,175.1,36.782,NEW,161.0,161.0,161.0,T5_moderate,1.75,HTLS Reconductor,119.2,60.6,True,14.9,-96.864075,32.599427,-96.80082027272728,32.808276409090915
2023_all2030_dcfull_n0_ALL_2030,2023,all2030,full_tx,ALL_2030,all2030_dcfull_n0,transmission,upgrade_branch,line,AC,NORTH,8003-8001,8003,8001,149.0,327.8,178.8,36.233,NEW,115.0,115.0,115.0,T6_heavy,2.2,New Parallel Circuit,147.3,93.7,True,12.1,-95.934344,31.136452,-96.13919,31.132442
2023_all2030_dcfull_n0_ALL_2030,2023,all2030,full_tx,ALL_2030,all2030_dcfull_n0,transmission,upgrade_branch,line,AC,NORTH,5155-12636,5155,12636,294.0,411.6,117.6,35.042,NEW,161.0,161.0,161.0,T4_light,1.4,Reconductor(ACSR->ACSS),105.1,79.6,True,25.7,-98.666449,32.759373,-98.7321385,33.1268065
2023_all2030_dcfull_n0_ALL_2030,2023,all2030,full_tx,ALL_2030,all2030_dcfull_n0,transmission,upgrade_branch,line,AC,NORTH,5059-5426,5059,5426,251.0,552.2,301.2,33.665,NEW,161.0,161.0,161.0,T6_heavy,2.2,New Parallel Circuit,140.0,74.0,True,8.9,-96.092445,32.357217500000004,-96.245039,32.366686
2023_all2030_dcfull_n0_ALL_2030,2023,all2030,full_tx,ALL_2030,all2030_dcfull_n0,transmission,upgrade_branch,line,AC,WEST,3064-13366,3064,13366,121.0,169.4,48.4,33.15,NEW,115.0,115.0,115.0,T4_light,1.4,Reconductor(ACSR->ACSS),104.1,26.6,True,0.0,-100.56760671428572,32.36118885714286,-100.56760671428572,32.36118885714286
2023_all2030_dcfull_n0_ALL_2030,2023,all2030,full_tx,ALL_2030,all2030_dcfull_n0,transmission,upgrade_branch,line,AC,WEST,3077-3125,3077,3125,107.0,149.8,42.8,33.15,NEW,115.0,115.0,115.0,T4_light,1.4,Reconductor(ACSR->ACSS),107.9,58.0,True,0.0,-99.70613471428572,32.45867642857143,-99.70613471428572,32.45867642857143
2023_all2030_dcfull_n0_ALL_2030,2023,all2030,full_tx,ALL_2030,all2030_dcfull_n0,transmission,upgrade_branch,line,AC,SOUTH,6153-13418,6153,13418,119.3,167.0,47.7,33.15,NEW,115.0,115.0,115.0,T4_light,1.4,Reconductor(ACSR->ACSS),103.6,74.0,True,0.0,-98.5093816037736,29.474642000000003,-98.5093816037736,29.474642000000003
2023_all2030_dcfull_n0_ALL_2030,2023,all2030,full_tx,ALL_2030,all2030_dcfull_n0,transmission,upgrade_branch,line,AC,SOUTH,6275-6324,6275,6324,221.0,309.4,88.4,33.15,NEW,115.0,115.0,115.0,T4_light,1.4,Reconductor(ACSR->ACSS),106.4,76.5,True,0.0,-98.5093816037736,29.474642000000003,-98.5093816037736,29.474642000000003
2023_all2030_dcfull_n0_ALL_2030,2023,all2030,full_tx,ALL_2030,all2030_dcfull_n0,transmission,upgrade_branch,line,AC,SOUTH,6275-6324,6275,6324,221.0,309.4,88.4,33.15,NEW,115.0,115.0,115.0,T4_light,1.4,Reconductor(ACSR->ACSS),106.4,76.5,True,0.0,-98.5093816037736,29.474642000000003,-98.5093816037736,29.474642000000003
2023_all2030_dcfull_n0_ALL_2030,2023,all2030,full_tx,ALL_2030,all2030_dcfull_n0,transmission,upgrade_branch,line,AC,SOUTH,6324-6320,6324,6320,250.0,350.0,100.0,33.15,NEW,115.0,115.0,115.0,T4_light,1.4,Reconductor(ACSR->ACSS),108.6,78.0,True,0.0,-98.5093816037736,29.474642000000003,-98.5093816037736,29.474642000000003
2023_all2030_dcfull_n0_ALL_2030,2023,all2030,full_tx,ALL_2030,all2030_dcfull_n0,transmission,upgrade_branch,line,AC,NORTH,5034-5313,5034,5313,227.6,398.3,170.7,32.679,NEW,161.0,161.0,161.0,T5_moderate,1.75,HTLS Reconductor,113.3,82.5,True,13.2,-96.80082027272728,32.808276409090915,-96.695516,32.63852
2023_all2030_dcfull_n0_ALL_2030,2023,all2030,full_tx,ALL_2030,all2030_dcfull_n0,transmission,upgrade_branch,line,AC,NORTH,8118-8042,8118,8042,98.0,137.2,39.2,32.462,NEW,115.0,115.0,115.0,T4_light,1.4,Reconductor(ACSR->ACSS),101.0,58.6,True,29.4,-95.255739,31.188898,-94.758734,31.186933
2023_all2030_dcfull_n0_ALL_2030,2023,all2030,full_tx,ALL_2030,all2030_dcfull_n0,transmission,upgrade_branch,line,AC,NORTH,8111-8042,8111,8042,98.0,215.6,117.6,31.055,NEW,115.0,115.0,115.0,T6_heavy,2.2,New Parallel Circuit,128.8,50.0,True,10.4,-94.737065,31.33610733333333,-94.758734,31.186933
2023_all2030_dcfull_n0_ALL_2030,2023,all2030,full_tx,ALL_2030,all2030_dcfull_n0,transmission,upgrade_branch,line,AC,NORTH,8014-8037,8014,8037,149.0,260.8,111.8,30.657,NEW,115.0,115.0,115.0,T5_moderate,1.75,HTLS Reconductor,120.8,51.7,True,15.7,-95.499937,31.092367,-95.715509,30.959521
2023_all2030_dcfull_n0_ALL_2030,2023,all2030,full_tx,ALL_2030,all2030_dcfull_n0,transmission,upgrade_branch,line,AC,NORTH,5191-5151,5191,5151,187.0,327.2,140.2,28.92,NEW,161.0,161.0,161.0,T5_moderate,1.75,HTLS Reconductor,122.2,42.0,True,11.7,-97.710123,31.916215,-97.52976,31.988989
2023_all2030_dcfull_n0_ALL_2030,2023,all2030,full_tx,ALL_2030,all2030_dcfull_n0,transmission,upgrade_branch,line,AC,NORTH,5264-5471,5264,5471,251.0,439.2,188.2,28.104,NEW,161.0,161.0,161.0,T5_moderate,1.75,HTLS Reconductor,111.2,39.3,True,11.4,-98.552257,32.298594,-98.377389,32.371306
2023_all2030_dcfull_n0_ALL_2030,2023,all2030,full_tx,ALL_2030,all2030_dcfull_n0,transmission,upgrade_branch,transformer,AC,NORTH,5034-5033,5034,5033,1209.0,2115.8,906.8,27.5,NEW,161.0,500.0,500.0,T5_moderate,1.75,Transformer Replace 1.75x,120.4,84.3,True,0.0,-96.80082027272728,32.808276409090915,-96.80082027272728,32.808276409090915
2023_all2030_dcfull_n0_ALL_2030,2023,all2030,full_tx,ALL_2030,all2030_dcfull_n0,transmission,upgrade_branch,transformer,AC,NORTH,5088-12547,5088,12547,800.0,1400.0,600.0,27.5,NEW,161.0,500.0,500.0,T5_moderate,1.75,Transformer Replace 1.75x,113.3,69.4,True,0.0,-97.46203133333334,31.819786000000004,-97.46203133333334,31.819786000000004
2023_all2030_dcfull_n0_ALL_2030,2023,all2030,full_tx,ALL_2030,all2030_dcfull_n0,transmission,upgrade_branch,transformer,AC,NORTH,5449-5448,5449,5448,1267.0,2217.2,950.2,27.5,NEW,161.0,500.0,500.0,T5_moderate,1.75,Transformer Replace 1.75x,121.6,83.0,True,0.0,-97.010181,32.723688,-97.010181,32.723688
2023_all2030_dcfull_n0_ALL_2030,2023,all2030,full_tx,ALL_2030,all2030_dcfull_n0,transmission,upgrade_branch,transformer,AC,SOUTH,13332-6033,13332,6033,141.7,248.0,106.3,27.5,NEW,20.0,500.0,500.0,T5_moderate,1.75,Transformer Replace 1.75x,112.7,64.4,True,0.0,-97.57405,30.41217,-97.57405,30.41217
2023_all2030_dcfull_n0_ALL_2030,2023,all2030,full_tx,ALL_2030,all2030_dcfull_n0,transmission,upgrade_branch,transformer,AC,SOUTH,6255-6254,6255,6254,1526.0,2670.5,1144.5,27.5,NEW,230.0,500.0,500.0,T5_moderate,1.75,Transformer Replace 1.75x,112.4,73.7,True,0.0,-97.77508287179488,30.30416587179487,-97.77508287179488,30.30416587179487
2023_all2030_dcfull_n0_ALL_2030,2023,all2030,full_tx,ALL_2030,all2030_dcfull_n0,transmission,upgrade_branch,transformer,AC,SOUTH,6257-6254,6257,6254,215.3,376.8,161.5,27.5,NEW,13.8,500.0,500.0,T5_moderate,1.75,Transformer Replace 1.75x,112.3,64.2,True,0.0,-97.77508287179488,30.30416587179487,-97.77508287179488,30.30416587179487
2023_all2030_dcfull_n0_ALL_2030,2023,all2030,full_tx,ALL_2030,all2030_dcfull_n0,transmission,upgrade_branch,transformer,AC,SOUTH,6258-6254,6258,6254,198.4,347.2,148.8,27.5,NEW,13.8,500.0,500.0,T5_moderate,1.75,Transformer Replace 1.75x,110.7,63.3,True,0.0,-97.77508287179488,30.30416587179487,-97.77508287179488,30.30416587179487
2023_all2030_dcfull_n0_ALL_2030,2023,all2030,full_tx,ALL_2030,all2030_dcfull_n0,transmission,upgrade_branch,line,AC,NORTH,12754-12978,12754,12978,214.6,375.6,161.0,27.429,NEW,161.0,161.0,161.0,T5_moderate,1.75,HTLS Reconductor,116.8,65.6,True,11.1,-99.695954,33.73925199999999,-99.58229,33.609313
2023_all2030_dcfull_n0_ALL_2030,2023,all2030,full_tx,ALL_2030,all2030_dcfull_n0,transmission,upgrade_branch,line,AC,SOUTH,6183-6206,6183,6206,98.0,171.5,73.5,27.003,NEW,115.0,115.0,115.0,T5_moderate,1.75,HTLS Reconductor,110.4,55.6,True,13.8,-96.923038,30.167624,-96.840158,30.354823
2023_all2030_dcfull_n0_ALL_2030,2023,all2030,full_tx,ALL_2030,all2030_dcfull_n0,transmission,upgrade_branch,line,AC,WEST,1112-13300,1112,13300,122.5,269.5,147.0,26.447,NEW,115.0,115.0,115.0,T6_heavy,2.2,New Parallel Circuit,146.9,66.8,True,8.8,-101.014,32.239,-100.890668,32.313261999999995
2023_all2030_dcfull_n0_ALL_2030,2023,all2030,full_tx,ALL_2030,all2030_dcfull_n0,transmission,upgrade_branch,line,AC,WEST,3121-3145,3121,3145,149.0,208.6,59.6,26.298,NEW,115.0,115.0,115.0,T4_light,1.4,Reconductor(ACSR->ACSS),105.0,65.8,True,23.8,-100.56760671428572,32.36118885714286,-100.2242635,32.5474795
2023_all2030_dcfull_n0_ALL_2030,2023,all2030,full_tx,ALL_2030,all2030_dcfull_n0,transmission,upgrade_branch,line,AC,NORTH,5012-13266,5012,13266,209.6,293.4,83.8,26.279,NEW,161.0,161.0,161.0,T4_light,1.4,Reconductor(ACSR->ACSS),105.0,73.4,True,19.3,-97.13581333333332,33.210620166666665,-97.466582,33.243525500000004
2023_all2030_dcfull_n0_ALL_2030,2023,all2030,full_tx,ALL_2030,all2030_dcfull_n0,transmission,upgrade_branch,transformer,AC,WEST,3054-3053,3054,3053,103.0,309.0,206.0,25.0,NEW,115.0,230.0,230.0,T7_structural,3.0,Major Transformer 3x,198.0,93.6,True,0.0,-100.1097475,32.1590745,-100.1097475,32.1590745
2023_all2030_dcfull_n0_ALL_2030,2023,all2030,full_tx,ALL_2030,all2030_dcfull_n0,transmission,upgrade_branch,transformer,AC,WEST,3054-3053,3054,3053,103.0,309.0,206.0,25.0,NEW,115.0,230.0,230.0,T7_structural,3.0,Major Transformer 3x,198.0,93.6,True,0.0,-100.1097475,32.1590745,-100.1097475,32.1590745
2023_all2030_dcfull_n0_ALL_2030,2023,all2030,full_tx,ALL_2030,all2030_dcfull_n0,transmission,upgrade_branch,transformer,AC,SOUTH,6109-6108,6109,6108,137.0,411.0,274.0,25.0,NEW,115.0,230.0,230.0,T7_structural,3.0,Major Transformer 3x,164.2,60.0,True,0.0,-96.947291,30.633128,-96.947291,30.633128
2023_all2030_dcfull_n0_ALL_2030,2023,all2030,full_tx,ALL_2030,all2030_dcfull_n0,transmission,upgrade_branch,transformer,AC,NORTH,12961-8147,12961,8147,310.2,930.6,620.4,25.0,NEW,20.0,230.0,230.0,T7_structural,3.0,Major Transformer 3x,163.8,54.6,True,0.0,-96.1482745,32.142643,-96.1482745,32.142643
2023_all2030_dcfull_n0_ALL_2030,2023,all2030,full_tx,ALL_2030,all2030_dcfull_n0,transmission,upgrade_branch,line,AC,WEST,1061-1112,1061,1112,169.8,237.7,67.9,24.193,NEW,115.0,115.0,115.0,T4_light,1.4,Reconductor(ACSR->ACSS),107.1,77.2,True,21.9,-101.3548315,32.107940125,-101.014,32.239
2023_all2030_dcfull_n0_ALL_2030,2023,all2030,full_tx,ALL_2030,all2030_dcfull_n0,transmission,upgrade_branch,line,AC,WEST,3132-3144,3132,3144,98.0,137.2,39.2,23.8,NEW,115.0,115.0,115.0,T4_light,1.4,Reconductor(ACSR->ACSS),105.4,69.8,True,21.5,-99.9360515,31.18751,-99.682323,31.411505
2023_all2030_dcfull_n0_ALL_2030,2023,all2030,full_tx,ALL_2030,all2030_dcfull_n0,transmission,upgrade_branch,line,AC,WEST,3145-3006,3145,3006,149.0,208.6,59.6,23.118,NEW,115.0,115.0,115.0,T4_light,1.4,Reconductor(ACSR->ACSS),102.0,68.0,True,20.9,-100.2242635,32.5474795,-100.0652435,32.819086
2023_all2030_dcfull_n0_ALL_2030,2023,all2030,full_tx,ALL_2030,all2030_dcfull_n0,transmission,upgrade_branch,line,AC,NORTH,8118-8151,8118,8151,98.0,137.2,39.2,22.839,NEW,115.0,115.0,115.0,T4_light,1.4,Reconductor(ACSR->ACSS),104.7,55.4,True,20.7,-95.255739,31.188898,-95.481652,31.417425
2023_all2030_dcfull_n0_ALL_2030,2023,all2030,full_tx,ALL_2030,all2030_dcfull_n0,transmission,upgrade_branch,line,AC,SOUTH,6127-8102,6127,8102,98.0,137.2,39.2,22.472,NEW,115.0,115.0,115.0,T4_light,1.4,Reconductor(ACSR->ACSS),105.3,63.6,True,20.3,-96.907601,30.891129,-96.66368,31.09828
2023_all2030_dcfull_n0_ALL_2030,2023,all2030,full_tx,ALL_2030,all2030_dcfull_n0,transmission,upgrade_branch,line,AC,NORTH,5349-5228,5349,5228,310.0,434.0,124.0,20.762,NEW,161.0,161.0,161.0,T4_light,1.4,Reconductor(ACSR->ACSS),109.2,76.7,True,15.2,-96.7651095,32.5902035,-96.80082027272728,32.808276409090915
2023_all2030_dcfull_n0_ALL_2030,2023,all2030,full_tx,ALL_2030,all2030_dcfull_n0,transmission,upgrade_branch,line,AC,NORTH,5274-5313,5274,5313,232.9,582.2,349.4,19.524,NEW,161.0,161.0,161.0,T7_structural,2.5,New Corridor/Aggressive Parallel,168.7,113.2,False,2.6,-96.674333,32.605192,-96.695516,32.63852
2023_all2030_dcfull_n0_ALL_2030,2023,all2030,full_tx,ALL_2030,all2030_dcfull_n0,transmission,upgrade_branch,line,AC,NORTH,8010-8103,8010,8103,98.0,171.5,73.5,19.088,NEW,115.0,115.0,115.0,T5_moderate,1.75,HTLS Reconductor,114.8,80.8,True,9.8,-96.22928,31.235882,-96.202639,31.37571
2023_all2030_dcfull_n0_ALL_2030,2023,all2030,full_tx,ALL_2030,all2030_dcfull_n0,transmission,upgrade_branch,line,AC,NORTH,5105-5253,5105,5253,235.0,329.0,94.0,19.014,NEW,161.0,161.0,161.0,T4_light,1.4,Reconductor(ACSR->ACSS),107.6,77.7,True,13.9,-96.9700122,32.8603614,-97.092488,33.0338
2023_all2030_dcfull_n0_ALL_2030,2023,all2030,full_tx,ALL_2030,all2030_dcfull_n0,transmission,upgrade_branch,line,AC,NORTH,8053-8065,8053,8065,149.0,208.6,59.6,18.947,NEW,115.0,115.0,115.0,T4_light,1.4,Reconductor(ACSR->ACSS),101.1,67.7,True,17.1,-95.8568275,32.169178,-96.1482745,32.142643
2023_all2030_dcfull_n0_ALL_2030,2023,all2030,full_tx,ALL_2030,all2030_dcfull_n0,transmission,upgrade_branch,line,AC,WEST,3127-13366,3127,13366,203.2,284.5,81.3,17.718,NEW,115.0,115.0,115.0,T4_light,1.4,Reconductor(ACSR->ACSS),101.6,44.1,True,16.0,-100.2940896,32.3397188,-100.56760671428572,32.36118885714286
2023_all2030_dcfull_n0_ALL_2030,2023,all2030,full_tx,ALL_2030,all2030_dcfull_n0,transmission,upgrade_branch,line,AC,HOUSTON,7237-7088,7237,7088,200.0,280.0,80.0,17.533,NEW,115.0,115.0,115.0,T4_light,1.4,Reconductor(ACSR->ACSS),100.0,71.9,True,15.9,-95.98036,29.560311,-95.733244,29.47971475
2023_all2030_dcfull_n0_ALL_2030,2023,all2030,full_tx,ALL_2030,all2030_dcfull_n0,transmission,upgrade_branch,line,AC,NORTH,5085-5353,5085,5353,191.3,267.8,76.5,17.271,NEW,161.0,161.0,161.0,T4_light,1.4,Reconductor(ACSR->ACSS),103.9,90.5,True,12.7,-96.80082027272728,32.808276409090915,-96.914175,32.651936
2023_all2030_dcfull_n0_ALL_2030,2023,all2030,full_tx,ALL_2030,all2030_dcfull_n0,transmission,upgrade_branch,line,AC,WEST,3013-3031,3013,3031,141.2,197.7,56.5,16.076,NEW,115.0,115.0,115.0,T4_light,1.4,Reconductor(ACSR->ACSS),102.0,72.4,True,14.5,-99.70613471428572,32.45867642857143,-99.826041,32.274081
2023_all2030_dcfull_n0_ALL_2030,2023,all2030,full_tx,ALL_2030,all2030_dcfull_n0,transmission,upgrade_branch,transformer,AC,NORTH,13017-2068,13017,2068,286.4,859.2,572.8,16.0,NEW,20.0,161.0,161.0,T7_structural,3.0,Major Transformer 3x,349.9,116.6,False,0.0,-98.360833,33.509722,-98.360833,33.509722
2023_all2030_dcfull_n0_ALL_2030,2023,all2030,full_tx,ALL_2030,all2030_dcfull_n0,transmission,upgrade_branch,transformer,AC,NORTH,2071-2070,2071,2070,251.1,753.3,502.2,16.0,NEW,18.0,161.0,161.0,T7_structural,3.0,Major Transformer 3x,315.0,105.0,False,0.0,-98.540972,33.494167000000004,-98.540972,33.494167000000004
2023_all2030_dcfull_n0_ALL_2030,2023,all2030,full_tx,ALL_2030,all2030_dcfull_n0,transmission,upgrade_branch,transformer,AC,NORTH,2089-2088,2089,2088,93.5,280.5,187.0,16.0,NEW,24.0,161.0,161.0,T7_structural,3.0,Major Transformer 3x,355.2,118.4,False,0.0,-98.540972,33.494167000000004,-98.540972,33.494167000000004
2023_all2030_dcfull_n0_ALL_2030,2023,all2030,full_tx,ALL_2030,all2030_dcfull_n0,transmission,upgrade_branch,line,AC,NORTH,5427-5333,5427,5333,310.0,434.0,124.0,15.036,NEW,161.0,161.0,161.0,T4_light,1.4,Reconductor(ACSR->ACSS),101.9,65.8,True,11.0,-96.8502335,32.366515,-96.807315,32.521773
2023_all2030_dcfull_n0_ALL_2030,2023,all2030,full_tx,ALL_2030,all2030_dcfull_n0,transmission,upgrade_branch,line,AC,NORTH,5427-5333,5427,5333,310.0,434.0,124.0,15.036,NEW,161.0,161.0,161.0,T4_light,1.4,Reconductor(ACSR->ACSS),101.9,65.8,True,11.0,-96.8502335,32.366515,-96.807315,32.521773
2023_all2030_dcfull_n0_ALL_2030,2023,all2030,full_tx,ALL_2030,all2030_dcfull_n0,transmission,upgrade_branch,line,AC,NORTH,5148-5457,5148,5457,187.0,261.8,74.8,14.534,NEW,161.0,161.0,161.0,T4_light,1.4,Reconductor(ACSR->ACSS),107.5,73.6,True,10.6,-96.9700122,32.8603614,-97.149641,32.891787
2023_all2030_dcfull_n0_ALL_2030,2023,all2030,full_tx,ALL_2030,all2030_dcfull_n0,transmission,upgrade_branch,line,AC,NORTH,8132-8054,8132,8054,98.0,137.2,39.2,14.369,NEW,115.0,115.0,115.0,T4_light,1.4,Reconductor(ACSR->ACSS),103.2,67.6,True,13.0,-96.229757,31.4789,-96.009175,31.473728
2023_all2030_dcfull_n0_ALL_2030,2023,all2030,full_tx,ALL_2030,all2030_dcfull_n0,transmission,upgrade_branch,line,AC,NORTH,5219-5114,5219,5114,187.0,261.8,74.8,14.224,NEW,161.0,161.0,161.0,T4_light,1.4,Reconductor(ACSR->ACSS),109.1,75.4,True,10.4,-96.428985,32.533273,-96.255103,32.568801
2023_all2030_dcfull_n0_ALL_2030,2023,all2030,full_tx,ALL_2030,all2030_dcfull_n0,transmission,upgrade_branch,line,AC,NORTH,2048-13085,2048,13085,307.6,538.3,230.7,12.919,NEW,161.0,161.0,161.0,T5_moderate,1.75,HTLS Reconductor,115.4,59.7,True,5.2,-100.967402,33.752201,-100.883227,33.781077
2023_all2030_dcfull_n0_ALL_2030,2023,all2030,full_tx,ALL_2030,all2030_dcfull_n0,transmission,upgrade_branch,line,AC,SOUTH,6103-6183,6103,6183,149.0,208.6,59.6,11.835,NEW,115.0,115.0,115.0,T4_light,1.4,Reconductor(ACSR->ACSS),103.4,67.7,True,10.7,-96.9945,30.02547,-96.923038,30.167624
2023_all2030_dcfull_n0_ALL_2030,2023,all2030,full_tx,ALL_2030,all2030_dcfull_n0,transmission,upgrade_branch,transformer,AC,WEST,3038-3037,3038,3037,114.0,199.5,85.5,11.5,NEW,115.0,230.0,230.0,T5_moderate,1.75,Transformer Replace 1.75x,120.5,84.9,True,0.0,-100.56760671428572,32.36118885714286,-100.56760671428572,32.36118885714286
2023_all2030_dcfull_n0_ALL_2030,2023,all2030,full_tx,ALL_2030,all2030_dcfull_n0,transmission,upgrade_branch,transformer,AC,WEST,3056-3053,3056,3053,277.1,484.9,207.8,11.5,NEW,13.8,230.0,230.0,T5_moderate,1.75,Transformer Replace 1.75x,117.2,67.0,True,0.0,-100.1097475,32.1590745,-100.1097475,32.1590745
2023_all2030_dcfull_n0_ALL_2030,2023,all2030,full_tx,ALL_2030,all2030_dcfull_n0,transmission,upgrade_branch,transformer,AC,WEST,3089-3088,3089,3088,411.0,719.2,308.2,11.5,NEW,161.0,230.0,230.0,T5_moderate,1.75,Transformer Replace 1.75x,112.2,63.9,True,0.0,-99.70613471428572,32.45867642857143,-99.70613471428572,32.45867642857143
2023_all2030_dcfull_n0_ALL_2030,2023,all2030,full_tx,ALL_2030,all2030_dcfull_n0,transmission,upgrade_branch,transformer,AC,WEST,3092-3088,3092,3088,234.7,410.7,176.0,11.5,NEW,13.8,230.0,230.0,T5_moderate,1.75,Transformer Replace 1.75x,114.1,65.2,True,0.0,-99.70613471428572,32.45867642857143,-99.70613471428572,32.45867642857143
2023_all2030_dcfull_n0_ALL_2030,2023,all2030,full_tx,ALL_2030,all2030_dcfull_n0,transmission,upgrade_branch,transformer,AC,NORTH,8069-8068,8069,8068,143.0,250.2,107.2,11.5,NEW,115.0,230.0,230.0,T5_moderate,1.75,Transformer Replace 1.75x,117.3,80.7,True,0.0,-96.202639,31.37571,-96.202639,31.37571
2023_all2030_dcfull_n0_ALL_2030,2023,all2030,full_tx,ALL_2030,all2030_dcfull_n0,transmission,upgrade_branch,transformer,AC,NORTH,12968-8065,12968,8065,240.9,722.7,481.8,11.0,NEW,20.0,115.0,115.0,T7_structural,3.0,Major Transformer 3x,152.1,50.7,True,0.0,-96.1482745,32.142643,-96.1482745,32.142643
2023_all2030_dcfull_n0_ALL_2030,2023,all2030,full_tx,ALL_2030,all2030_dcfull_n0,transmission,upgrade_branch,transformer,AC,NORTH,12969-8065,12969,8065,99.1,297.3,198.2,11.0,NEW,20.0,115.0,115.0,T7_structural,3.0,Major Transformer 3x,186.0,62.0,True,0.0,-96.1482745,32.142643,-96.1482745,32.142643
2023_all2030_dcfull_n0_ALL_2030,2023,all2030,full_tx,ALL_2030,all2030_dcfull_n0,transmission,upgrade_branch,line,AC,NORTH,5232-5251,5232,5251,187.0,261.8,74.8,9.391,NEW,161.0,161.0,161.0,T4_light,1.4,Reconductor(ACSR->ACSS),104.1,70.9,True,6.9,-97.12502636363637,32.69967490909091,-97.010181,32.723688
2023_all2030_dcfull_n0_ALL_2030,2023,all2030,full_tx,ALL_2030,all2030_dcfull_n0,transmission,upgrade_branch,transformer,AC,HOUSTON,7421-7420,7421,7420,161.4,242.1,80.7,8.0,NEW,115.0,230.0,230.0,T4_light,1.5,Transformer Replace 1.5x,107.2,80.6,True,0.0,-95.698237,30.1865575,-95.698237,30.1865575
2023_all2030_dcfull_n0_ALL_2030,2023,all2030,full_tx,ALL_2030,all2030_dcfull_n0,transmission,upgrade_branch,transformer,AC,HOUSTON,7421-7420,7421,7420,161.4,242.1,80.7,8.0,NEW,115.0,230.0,230.0,T4_light,1.5,Transformer Replace 1.5x,107.2,80.6,True,0.0,-95.698237,30.1865575,-95.698237,30.1865575
2023_all2030_dcfull_n0_ALL_2030,2023,all2030,full_tx,ALL_2030,all2030_dcfull_n0,transmission,upgrade_branch,transformer,AC,WEST,12666-12664,12666,12664,211.7,317.5,105.8,8.0,NEW,20.0,230.0,230.0,T4_light,1.5,Transformer Replace 1.5x,102.9,68.6,True,0.0,-100.94008825,32.806441125,-100.94008825,32.806441125
2023_all2030_dcfull_n0_ALL_2030,2023,all2030,full_tx,ALL_2030,all2030_dcfull_n0,transmission,upgrade_branch,transformer,AC,WEST,12899-12898,12899,12898,342.2,513.3,171.1,8.0,NEW,20.0,230.0,230.0,T4_light,1.5,Transformer Replace 1.5x,100.6,67.1,True,0.0,-100.94008825,32.806441125,-100.94008825,32.806441125
2023_all2030_dcfull_n0_ALL_2030,2023,all2030,full_tx,ALL_2030,all2030_dcfull_n0,transmission,upgrade_branch,line,AC,NORTH,5157-5194,5157,5194,187.0,261.8,74.8,6.353,NEW,161.0,161.0,161.0,T4_light,1.4,Reconductor(ACSR->ACSS),107.3,72.0,True,4.7,-96.864075,32.599427,-96.914175,32.651936
2023_all2030_dcfull_n0_ALL_2030,2023,all2030,full_tx,ALL_2030,all2030_dcfull_n0,transmission,upgrade_branch,transformer,AC,WEST,3095-3094,3095,3094,161.7,242.5,80.8,3.0,NEW,18.0,115.0,115.0,T4_light,1.5,Transformer Replace 1.5x,108.4,72.2,True,0.0,-100.09043266666669,32.36779933333333,-100.09043266666669,32.36779933333333
2023_all2030_dcfull_n0_ALL_2030,2023,all2030,full_tx,ALL_2030,all2030_dcfull_n0,transmission,upgrade_branch,transformer,AC,WEST,13284-3131,13284,3131,161.6,242.4,80.8,3.0,NEW,20.0,115.0,115.0,T4_light,1.5,Transformer Replace 1.5x,102.5,68.3,True,0.0,-100.021667,32.303889,-100.021667,32.303889
2023_all2030_dcfull_n0_ALL_2030,2023,all2030,full_tx,ALL_2030,all2030_dcfull_n0,transmission,upgrade_branch,transformer,AC,SOUTH,13049-4099,13049,4099,234.4,351.6,117.2,3.0,NEW,20.0,115.0,115.0,T4_light,1.5,Transformer Replace 1.5x,102.1,68.0,True,0.0,-97.743983,27.992706,-97.743983,27.992706
2023_all2030_dcfull_n0_ALL_2030,2023,all2030,full_tx,ALL_2030,all2030_dcfull_n0,transmission,upgrade_branch,transformer,AC,SOUTH,13327-6262,13327,6262,146.7,220.0,73.3,3.0,NEW,20.0,115.0,115.0,T4_light,1.5,Transformer Replace 1.5x,109.8,73.2,True,0.0,-97.875708,30.748955,-97.875708,30.748955
2023_all2030_dcfull_n0_ALL_2030,2023,all2030,full_tx,ALL_2030,all2030_dcfull_n0,transmission,upgrade_branch,line,AC,SOUTH,6027-6116,6027,6116,130.0,182.0,52.0,0.125,NEW,115.0,115.0,115.0,T4_light,1.4,Reconductor(ACSR->ACSS),104.6,85.0,True,0.1,-97.35518,30.41432,-97.35701,30.41477
2023_all2030_dcfull_n0_ALL_2030,2023,all2030,full_tx,ALL_2030,all2030_dcfull_n0,transmission,upgrade_branch,line,AC,SOUTH,6027-6116,6027,6116,130.0,182.0,52.0,0.125,NEW,115.0,115.0,115.0,T4_light,1.4,Reconductor(ACSR->ACSS),104.6,85.0,True,0.1,-97.35518,30.41432,-97.35701,30.41477
